Copyright 1986-2022 Xilinx, Inc. All Rights Reserved. Copyright 2022-2025 Advanced Micro Devices, Inc. All Rights Reserved.
----------------------------------------------------------------------------------------------------------------------------------------------------------
| Tool Version              : Vivado v.2025.2 (win64) Build 6299465 Fri Nov 14 19:35:11 GMT 2025
| Date                      : Mon Aug  3 18:40:34 2026
| Host                      : DESKTOP-MB4FOM3 running 64-bit major release  (build 9200)
| Command                   : report_io -file xxv_ethernet_0_exdes_io_placed.rpt
| Design                    : xxv_ethernet_0_exdes
| Device                    : xcu26
| Speed File                : -2LV
| Package                   : vsva1365
| Package Version           : PRODUCTION 1.2 8/17/2022
| Package Pin Delay Version : ENGINEERING SAMPLE 1.0 5/5/2020
----------------------------------------------------------------------------------------------------------------------------------------------------------

IO Information

Table of Contents
-----------------
1. Summary
2. IO Assignments by Package Pin

1. Summary
----------

+---------------+
| Total User IO |
+---------------+
|            83 |
+---------------+


2. IO Assignments by Package Pin
--------------------------------

+------------+----------------------+------------------+------------------------------------+---------------+-------------+---------+------------+-------------------------+------+-------------------+----------------------+-----------+------------+-----------+----------+------+------------------+--------------+-------------------+--------------+
| Pin Number | Signal Name          | Bank Type        | Pin Name                           | Use           | IO Standard | IO Bank | Drive (mA) | Output Impedance (ohms) | Slew | Input Termination | Off-Chip Termination |   Voltage | Constraint | Pull Type | DQS Bias | Vref | Signal Integrity | Pre Emphasis | Lvds Pre Emphasis | Equalization |
+------------+----------------------+------------------+------------------------------------+---------------+-------------+---------+------------+-------------------------+------+-------------------+----------------------+-----------+------------+-----------+----------+------+------------------+--------------+-------------------+--------------+
| A2         |                      |                  | GND                                | GND           |             |         |            |                         |      |                   |                      |       0.0 |            |           |          |      |                  |              |                   |              |
| A3         |                      |                  | GND                                | GND           |             |         |            |                         |      |                   |                      |       0.0 |            |           |          |      |                  |              |                   |              |
| A4         |                      |                  | GND                                | GND           |             |         |            |                         |      |                   |                      |       0.0 |            |           |          |      |                  |              |                   |              |
| A5         |                      |                  | GND                                | GND           |             |         |            |                         |      |                   |                      |       0.0 |            |           |          |      |                  |              |                   |              |
| A6         |                      |                  | MGTMRXN0_233                       | Gigabit       |             |         |            |                         |      |                   |                      |           |            |           |          |      |                  |              |                   |              |
| A7         |                      |                  | MGTMRXP0_233                       | Gigabit       |             |         |            |                         |      |                   |                      |           |            |           |          |      |                  |              |                   |              |
| A8         |                      |                  | GND                                | GND           |             |         |            |                         |      |                   |                      |       0.0 |            |           |          |      |                  |              |                   |              |
| A9         |                      |                  | MGTMRXN1_233                       | Gigabit       |             |         |            |                         |      |                   |                      |           |            |           |          |      |                  |              |                   |              |
| A10        |                      |                  | MGTMRXP1_233                       | Gigabit       |             |         |            |                         |      |                   |                      |           |            |           |          |      |                  |              |                   |              |
| A11        |                      |                  | GND                                | GND           |             |         |            |                         |      |                   |                      |       0.0 |            |           |          |      |                  |              |                   |              |
| A12        |                      |                  | MGTMRXN0_234                       | Gigabit       |             |         |            |                         |      |                   |                      |           |            |           |          |      |                  |              |                   |              |
| A13        |                      |                  | MGTMRXP0_234                       | Gigabit       |             |         |            |                         |      |                   |                      |           |            |           |          |      |                  |              |                   |              |
| A14        |                      |                  | GND                                | GND           |             |         |            |                         |      |                   |                      |       0.0 |            |           |          |      |                  |              |                   |              |
| A15        |                      |                  | MGTMRXN1_234                       | Gigabit       |             |         |            |                         |      |                   |                      |           |            |           |          |      |                  |              |                   |              |
| A16        |                      |                  | MGTMRXP1_234                       | Gigabit       |             |         |            |                         |      |                   |                      |           |            |           |          |      |                  |              |                   |              |
| A17        |                      |                  | GND                                | GND           |             |         |            |                         |      |                   |                      |       0.0 |            |           |          |      |                  |              |                   |              |
| A18        | tx_mac_mii_d_0[16]   | High Performance | IO_L16P_T2U_N6_QBC_AD3P_74         | OUTPUT        | LVCMOS18*   |      74 |         12 |                         | SLOW |                   |            FP_VTT_50 |           | UNFIXED    |           |          |      | NONE             |              |                   |              |
| A19        | tx_mac_mii_d_0[17]   | High Performance | IO_L16N_T2U_N7_QBC_AD3N_74         | OUTPUT        | LVCMOS18*   |      74 |         12 |                         | SLOW |                   |            FP_VTT_50 |           | UNFIXED    |           |          |      | NONE             |              |                   |              |
| A20        | tx_mac_mii_d_0[15]   | High Performance | IO_L17N_T2U_N9_AD10N_74            | OUTPUT        | LVCMOS18*   |      74 |         12 |                         | SLOW |                   |            FP_VTT_50 |           | UNFIXED    |           |          |      | NONE             |              |                   |              |
| A21        | tx_mac_mii_d_0[13]   | High Performance | IO_L18N_T2U_N11_AD2N_74            | OUTPUT        | LVCMOS18*   |      74 |         12 |                         | SLOW |                   |            FP_VTT_50 |           | UNFIXED    |           |          |      | NONE             |              |                   |              |
| A22        |                      |                  | GND                                | GND           |             |         |            |                         |      |                   |                      |       0.0 |            |           |          |      |                  |              |                   |              |
| A23        | tx_mac_mii_d_0[2]    | High Performance | IO_L23P_T3U_N8_74                  | OUTPUT        | LVCMOS18*   |      74 |         12 |                         | SLOW |                   |            FP_VTT_50 |           | UNFIXED    |           |          |      | NONE             |              |                   |              |
| A24        | tx_mac_mii_d_0[3]    | High Performance | IO_L23N_T3U_N9_74                  | OUTPUT        | LVCMOS18*   |      74 |         12 |                         | SLOW |                   |            FP_VTT_50 |           | UNFIXED    |           |          |      | NONE             |              |                   |              |
| A25        | tx_mac_mii_d_0[1]    | High Performance | IO_L24N_T3U_N11_74                 | OUTPUT        | LVCMOS18*   |      74 |         12 |                         | SLOW |                   |            FP_VTT_50 |           | UNFIXED    |           |          |      | NONE             |              |                   |              |
| A26        | rx_mac_mii_d_0[1]    | High Performance | IO_L24N_T3U_N11_73                 | INPUT         | LVCMOS18*   |      73 |            |                         |      |                   |                 NONE |           | UNFIXED    |           |          |      | NONE             |              |                   |              |
| A27        |                      |                  | GND                                | GND           |             |         |            |                         |      |                   |                      |       0.0 |            |           |          |      |                  |              |                   |              |
| A28        | rx_mac_mii_d_0[2]    | High Performance | IO_L23P_T3U_N8_73                  | INPUT         | LVCMOS18*   |      73 |            |                         |      |                   |                 NONE |           | UNFIXED    |           |          |      | NONE             |              |                   |              |
| A29        | rx_mac_mii_d_0[3]    | High Performance | IO_L23N_T3U_N9_73                  | INPUT         | LVCMOS18*   |      73 |            |                         |      |                   |                 NONE |           | UNFIXED    |           |          |      | NONE             |              |                   |              |
| A30        | rx_mac_mii_d_0[12]   | High Performance | IO_L18P_T2U_N10_AD2P_73            | INPUT         | LVCMOS18*   |      73 |            |                         |      |                   |                 NONE |           | UNFIXED    |           |          |      | NONE             |              |                   |              |
| A31        | rx_mac_mii_d_0[13]   | High Performance | IO_L18N_T2U_N11_AD2N_73            | INPUT         | LVCMOS18*   |      73 |            |                         |      |                   |                 NONE |           | UNFIXED    |           |          |      | NONE             |              |                   |              |
| A32        |                      |                  | GND                                | GND           |             |         |            |                         |      |                   |                      |       0.0 |            |           |          |      |                  |              |                   |              |
| A33        |                      | High Performance | IO_L24N_T3U_N11_72                 | User IO       |             |      72 |            |                         |      |                   |                      |           |            |           |          |      |                  |              |                   |              |
| A34        |                      | High Performance | IO_L23P_T3U_N8_72                  | User IO       |             |      72 |            |                         |      |                   |                      |           |            |           |          |      |                  |              |                   |              |
| A35        |                      | High Performance | IO_L23N_T3U_N9_72                  | User IO       |             |      72 |            |                         |      |                   |                      |           |            |           |          |      |                  |              |                   |              |
| A36        |                      |                  | GND                                | GND           |             |         |            |                         |      |                   |                      |       0.0 |            |           |          |      |                  |              |                   |              |
| AA1        |                      |                  | MGTYRXN3_228                       | Gigabit       |             |         |            |                         |      |                   |                      |           |            |           |          |      |                  |              |                   |              |
| AA2        |                      |                  | MGTYRXP3_228                       | Gigabit       |             |         |            |                         |      |                   |                      |           |            |           |          |      |                  |              |                   |              |
| AA3        |                      |                  | GND                                | GND           |             |         |            |                         |      |                   |                      |       0.0 |            |           |          |      |                  |              |                   |              |
| AA4        |                      |                  | GND                                | GND           |             |         |            |                         |      |                   |                      |       0.0 |            |           |          |      |                  |              |                   |              |
| AA5        |                      |                  | MGTYTXN3_228                       | Gigabit       |             |         |            |                         |      |                   |                      |           |            |           |          |      |                  |              |                   |              |
| AA6        |                      |                  | MGTYTXP3_228                       | Gigabit       |             |         |            |                         |      |                   |                      |           |            |           |          |      |                  |              |                   |              |
| AA7        |                      |                  | GND                                | GND           |             |         |            |                         |      |                   |                      |       0.0 |            |           |          |      |                  |              |                   |              |
| AA8        |                      |                  | MGTAVCC_RC                         | Unknown       |             |         |            |                         |      |                   |                      |           |            |           |          |      |                  |              |                   |              |
| AA9        |                      |                  | MGTREFCLK1N_228                    | Gigabit       |             |         |            |                         |      |                   |                      |           |            |           |          |      |                  |              |                   |              |
| AA10       |                      |                  | MGTREFCLK1P_228                    | Gigabit       |             |         |            |                         |      |                   |                      |           |            |           |          |      |                  |              |                   |              |
| AA11       |                      |                  | GND                                | GND           |             |         |            |                         |      |                   |                      |       0.0 |            |           |          |      |                  |              |                   |              |
| AA12       |                      |                  | GND                                | GND           |             |         |            |                         |      |                   |                      |       0.0 |            |           |          |      |                  |              |                   |              |
| AA13       |                      |                  | VCCINT                             | VCCINT        |             |         |            |                         |      |                   |                      |           |            |           |          |      |                  |              |                   |              |
| AA14       |                      |                  | GND                                | GND           |             |         |            |                         |      |                   |                      |       0.0 |            |           |          |      |                  |              |                   |              |
| AA15       |                      |                  | VCCINT                             | VCCINT        |             |         |            |                         |      |                   |                      |           |            |           |          |      |                  |              |                   |              |
| AA16       |                      |                  | GND                                | GND           |             |         |            |                         |      |                   |                      |       0.0 |            |           |          |      |                  |              |                   |              |
| AA22       |                      |                  | GND                                | GND           |             |         |            |                         |      |                   |                      |       0.0 |            |           |          |      |                  |              |                   |              |
| AA23       |                      |                  | VCCINT                             | VCCINT        |             |         |            |                         |      |                   |                      |           |            |           |          |      |                  |              |                   |              |
| AA24       |                      |                  | GND                                | GND           |             |         |            |                         |      |                   |                      |       0.0 |            |           |          |      |                  |              |                   |              |
| AA25       |                      |                  | VCCBRAM                            | VCCBRAM       |             |         |            |                         |      |                   |                      |           |            |           |          |      |                  |              |                   |              |
| AA26       |                      |                  | GND                                | GND           |             |         |            |                         |      |                   |                      |       0.0 |            |           |          |      |                  |              |                   |              |
| AA27       |                      |                  | VCCAUX_IO                          | VCCAUX        |             |         |            |                         |      |                   |                      |           |            |           |          |      |                  |              |                   |              |
| AA28       |                      |                  | GND                                | GND           |             |         |            |                         |      |                   |                      |       0.0 |            |           |          |      |                  |              |                   |              |
| AA29       |                      | High Performance | IO_L24N_T3U_N11_68                 | User IO       |             |      68 |            |                         |      |                   |                      |           |            |           |          |      |                  |              |                   |              |
| AA30       |                      | High Performance | IO_T3U_N12_68                      | User IO       |             |      68 |            |                         |      |                   |                      |           |            |           |          |      |                  |              |                   |              |
| AA31       |                      | High Performance | IO_L22N_T3U_N7_DBC_AD0N_68         | User IO       |             |      68 |            |                         |      |                   |                      |           |            |           |          |      |                  |              |                   |              |
| AA32       |                      |                  | GND                                | GND           |             |         |            |                         |      |                   |                      |       0.0 |            |           |          |      |                  |              |                   |              |
| AA33       |                      | High Performance | IO_L19N_T3L_N1_DBC_AD9N_68         | User IO       |             |      68 |            |                         |      |                   |                      |           |            |           |          |      |                  |              |                   |              |
| AA34       |                      | High Performance | IO_L6P_T0U_N10_AD6P_68             | User IO       |             |      68 |            |                         |      |                   |                      |           |            |           |          |      |                  |              |                   |              |
| AA35       |                      | High Performance | IO_L5N_T0U_N9_AD14N_68             | User IO       |             |      68 |            |                         |      |                   |                      |           |            |           |          |      |                  |              |                   |              |
| AA36       |                      | High Performance | IO_L2N_T0L_N3_68                   | User IO       |             |      68 |            |                         |      |                   |                      |           |            |           |          |      |                  |              |                   |              |
| AA37       |                      |                  | GND                                | GND           |             |         |            |                         |      |                   |                      |       0.0 |            |           |          |      |                  |              |                   |              |
| AB1        |                      |                  | GND                                | GND           |             |         |            |                         |      |                   |                      |       0.0 |            |           |          |      |                  |              |                   |              |
| AB2        |                      |                  | GND                                | GND           |             |         |            |                         |      |                   |                      |       0.0 |            |           |          |      |                  |              |                   |              |
| AB3        |                      |                  | MGTYRXN2_228                       | Gigabit       |             |         |            |                         |      |                   |                      |           |            |           |          |      |                  |              |                   |              |
| AB4        |                      |                  | MGTYRXP2_228                       | Gigabit       |             |         |            |                         |      |                   |                      |           |            |           |          |      |                  |              |                   |              |
| AB5        |                      |                  | GND                                | GND           |             |         |            |                         |      |                   |                      |       0.0 |            |           |          |      |                  |              |                   |              |
| AB6        |                      |                  | MGTAVTT_RC                         | Unknown       |             |         |            |                         |      |                   |                      |           |            |           |          |      |                  |              |                   |              |
| AB7        |                      |                  | MGTYTXN2_228                       | Gigabit       |             |         |            |                         |      |                   |                      |           |            |           |          |      |                  |              |                   |              |
| AB8        |                      |                  | MGTYTXP2_228                       | Gigabit       |             |         |            |                         |      |                   |                      |           |            |           |          |      |                  |              |                   |              |
| AB9        |                      |                  | GND                                | GND           |             |         |            |                         |      |                   |                      |       0.0 |            |           |          |      |                  |              |                   |              |
| AB10       |                      |                  | MGTVCCAUX_RC                       | Unknown       |             |         |            |                         |      |                   |                      |           |            |           |          |      |                  |              |                   |              |
| AB11       |                      |                  | GND                                | GND           |             |         |            |                         |      |                   |                      |       0.0 |            |           |          |      |                  |              |                   |              |
| AB12       |                      |                  | VCCINT                             | VCCINT        |             |         |            |                         |      |                   |                      |           |            |           |          |      |                  |              |                   |              |
| AB13       |                      |                  | GND                                | GND           |             |         |            |                         |      |                   |                      |       0.0 |            |           |          |      |                  |              |                   |              |
| AB14       |                      |                  | VCCINT                             | VCCINT        |             |         |            |                         |      |                   |                      |           |            |           |          |      |                  |              |                   |              |
| AB15       |                      |                  | GND                                | GND           |             |         |            |                         |      |                   |                      |       0.0 |            |           |          |      |                  |              |                   |              |
| AB16       |                      |                  | VCCINT                             | VCCINT        |             |         |            |                         |      |                   |                      |           |            |           |          |      |                  |              |                   |              |
| AB17       |                      |                  | GND                                | GND           |             |         |            |                         |      |                   |                      |       0.0 |            |           |          |      |                  |              |                   |              |
| AB18       |                      |                  | VCCINT                             | VCCINT        |             |         |            |                         |      |                   |                      |           |            |           |          |      |                  |              |                   |              |
| AB19       |                      |                  | GND                                | GND           |             |         |            |                         |      |                   |                      |       0.0 |            |           |          |      |                  |              |                   |              |
| AB20       |                      |                  | VCCINT                             | VCCINT        |             |         |            |                         |      |                   |                      |           |            |           |          |      |                  |              |                   |              |
| AB21       |                      |                  | GND                                | GND           |             |         |            |                         |      |                   |                      |       0.0 |            |           |          |      |                  |              |                   |              |
| AB22       |                      |                  | VCCINT                             | VCCINT        |             |         |            |                         |      |                   |                      |           |            |           |          |      |                  |              |                   |              |
| AB23       |                      |                  | GND                                | GND           |             |         |            |                         |      |                   |                      |       0.0 |            |           |          |      |                  |              |                   |              |
| AB24       |                      |                  | VCCINT                             | VCCINT        |             |         |            |                         |      |                   |                      |           |            |           |          |      |                  |              |                   |              |
| AB25       |                      |                  | GND                                | GND           |             |         |            |                         |      |                   |                      |       0.0 |            |           |          |      |                  |              |                   |              |
| AB26       |                      |                  | VCCINT_IO                          | VCCINT        |             |         |            |                         |      |                   |                      |           |            |           |          |      |                  |              |                   |              |
| AB27       |                      |                  | GND                                | GND           |             |         |            |                         |      |                   |                      |       0.0 |            |           |          |      |                  |              |                   |              |
| AB28       |                      |                  | VCCAUX                             | VCCAUX        |             |         |            |                         |      |                   |                      |      1.80 |            |           |          |      |                  |              |                   |              |
| AB29       |                      |                  | GND                                | GND           |             |         |            |                         |      |                   |                      |       0.0 |            |           |          |      |                  |              |                   |              |
| AB30       |                      | High Performance | VREF_68                            | Voltage       |             |      68 |            |                         |      |                   |                      |           |            |           |          |      |                  |              |                   |              |
| AB31       |                      | High Performance | IO_L21P_T3L_N4_AD8P_68             | User IO       |             |      68 |            |                         |      |                   |                      |           |            |           |          |      |                  |              |                   |              |
| AB32       |                      | High Performance | IO_L21N_T3L_N5_AD8N_68             | User IO       |             |      68 |            |                         |      |                   |                      |           |            |           |          |      |                  |              |                   |              |
| AB33       |                      | High Performance | IO_L18P_T2U_N10_AD2P_68            | User IO       |             |      68 |            |                         |      |                   |                      |           |            |           |          |      |                  |              |                   |              |
| AB34       |                      |                  | GND                                | GND           |             |         |            |                         |      |                   |                      |       0.0 |            |           |          |      |                  |              |                   |              |
| AB35       |                      | High Performance | IO_L6N_T0U_N11_AD6N_68             | User IO       |             |      68 |            |                         |      |                   |                      |           |            |           |          |      |                  |              |                   |              |
| AB36       |                      | High Performance | IO_L1P_T0L_N0_DBC_68               | User IO       |             |      68 |            |                         |      |                   |                      |           |            |           |          |      |                  |              |                   |              |
| AB37       |                      | High Performance | IO_L1N_T0L_N1_DBC_68               | User IO       |             |      68 |            |                         |      |                   |                      |           |            |           |          |      |                  |              |                   |              |
| AC1        |                      |                  | MGTYRXN1_228                       | Gigabit       |             |         |            |                         |      |                   |                      |           |            |           |          |      |                  |              |                   |              |
| AC2        |                      |                  | MGTYRXP1_228                       | Gigabit       |             |         |            |                         |      |                   |                      |           |            |           |          |      |                  |              |                   |              |
| AC3        |                      |                  | GND                                | GND           |             |         |            |                         |      |                   |                      |       0.0 |            |           |          |      |                  |              |                   |              |
| AC4        |                      |                  | GND                                | GND           |             |         |            |                         |      |                   |                      |       0.0 |            |           |          |      |                  |              |                   |              |
| AC5        |                      |                  | MGTYTXN1_228                       | Gigabit       |             |         |            |                         |      |                   |                      |           |            |           |          |      |                  |              |                   |              |
| AC6        |                      |                  | MGTYTXP1_228                       | Gigabit       |             |         |            |                         |      |                   |                      |           |            |           |          |      |                  |              |                   |              |
| AC7        |                      |                  | GND                                | GND           |             |         |            |                         |      |                   |                      |       0.0 |            |           |          |      |                  |              |                   |              |
| AC8        |                      |                  | MGTAVCC_RC                         | Unknown       |             |         |            |                         |      |                   |                      |           |            |           |          |      |                  |              |                   |              |
| AC9        |                      |                  | MGTREFCLK0N_228                    | Gigabit       |             |         |            |                         |      |                   |                      |           |            |           |          |      |                  |              |                   |              |
| AC10       |                      |                  | MGTREFCLK0P_228                    | Gigabit       |             |         |            |                         |      |                   |                      |           |            |           |          |      |                  |              |                   |              |
| AC11       |                      |                  | GND                                | GND           |             |         |            |                         |      |                   |                      |       0.0 |            |           |          |      |                  |              |                   |              |
| AC12       |                      |                  | GND                                | GND           |             |         |            |                         |      |                   |                      |       0.0 |            |           |          |      |                  |              |                   |              |
| AC13       |                      |                  | VCCINT                             | VCCINT        |             |         |            |                         |      |                   |                      |           |            |           |          |      |                  |              |                   |              |
| AC14       |                      |                  | GND                                | GND           |             |         |            |                         |      |                   |                      |       0.0 |            |           |          |      |                  |              |                   |              |
| AC15       |                      |                  | VCCINT                             | VCCINT        |             |         |            |                         |      |                   |                      |           |            |           |          |      |                  |              |                   |              |
| AC16       |                      |                  | GND                                | GND           |             |         |            |                         |      |                   |                      |       0.0 |            |           |          |      |                  |              |                   |              |
| AC17       |                      |                  | VCCINT                             | VCCINT        |             |         |            |                         |      |                   |                      |           |            |           |          |      |                  |              |                   |              |
| AC18       |                      | Dedicated        | GNDADC                             | XADC          |             |       0 |            |                         |      |                   |                      |           |            |           |          |      |                  |              |                   |              |
| AC19       |                      | Dedicated        | VCCADC                             | XADC          |             |       0 |            |                         |      |                   |                      |           |            |           |          |      |                  |              |                   |              |
| AC20       |                      |                  | GND                                | GND           |             |         |            |                         |      |                   |                      |       0.0 |            |           |          |      |                  |              |                   |              |
| AC21       |                      |                  | VCCINT                             | VCCINT        |             |         |            |                         |      |                   |                      |           |            |           |          |      |                  |              |                   |              |
| AC22       |                      |                  | GND                                | GND           |             |         |            |                         |      |                   |                      |       0.0 |            |           |          |      |                  |              |                   |              |
| AC23       |                      |                  | VCCINT                             | VCCINT        |             |         |            |                         |      |                   |                      |           |            |           |          |      |                  |              |                   |              |
| AC24       |                      |                  | GND                                | GND           |             |         |            |                         |      |                   |                      |       0.0 |            |           |          |      |                  |              |                   |              |
| AC25       |                      |                  | VCCBRAM                            | VCCBRAM       |             |         |            |                         |      |                   |                      |           |            |           |          |      |                  |              |                   |              |
| AC26       |                      |                  | GND                                | GND           |             |         |            |                         |      |                   |                      |       0.0 |            |           |          |      |                  |              |                   |              |
| AC27       |                      |                  | VCCAUX_IO                          | VCCAUX        |             |         |            |                         |      |                   |                      |           |            |           |          |      |                  |              |                   |              |
| AC28       |                      |                  | GND                                | GND           |             |         |            |                         |      |                   |                      |       0.0 |            |           |          |      |                  |              |                   |              |
| AC29       |                      | High Performance | IO_L15P_T2L_N4_AD11P_68            | User IO       |             |      68 |            |                         |      |                   |                      |           |            |           |          |      |                  |              |                   |              |
| AC30       |                      | High Performance | IO_L16P_T2U_N6_QBC_AD3P_68         | User IO       |             |      68 |            |                         |      |                   |                      |           |            |           |          |      |                  |              |                   |              |
| AC31       |                      | High Performance | VCCO_66                            | VCCO          |             |      66 |            |                         |      |                   |                      | 0.00-1.80 |            |           |          |      |                  |              |                   |              |
| AC32       |                      | High Performance | IO_L17P_T2U_N8_AD10P_68            | User IO       |             |      68 |            |                         |      |                   |                      |           |            |           |          |      |                  |              |                   |              |
| AC33       |                      | High Performance | IO_L18N_T2U_N11_AD2N_68            | User IO       |             |      68 |            |                         |      |                   |                      |           |            |           |          |      |                  |              |                   |              |
| AC34       |                      | High Performance | IO_L11P_T1U_N8_GC_68               | GCLK          |             |      68 |            |                         |      |                   |                      |           |            |           |          |      |                  |              |                   |              |
| AC35       |                      | High Performance | IO_L10P_T1U_N6_QBC_AD4P_68         | User IO       |             |      68 |            |                         |      |                   |                      |           |            |           |          |      |                  |              |                   |              |
| AC36       |                      |                  | GND                                | GND           |             |         |            |                         |      |                   |                      |       0.0 |            |           |          |      |                  |              |                   |              |
| AC37       |                      | High Performance | IO_L7P_T1L_N0_QBC_AD13P_68         | User IO       |             |      68 |            |                         |      |                   |                      |           |            |           |          |      |                  |              |                   |              |
| AD1        |                      |                  | GND                                | GND           |             |         |            |                         |      |                   |                      |       0.0 |            |           |          |      |                  |              |                   |              |
| AD2        |                      |                  | GND                                | GND           |             |         |            |                         |      |                   |                      |       0.0 |            |           |          |      |                  |              |                   |              |
| AD3        |                      |                  | MGTYTXN0_228                       | Gigabit       |             |         |            |                         |      |                   |                      |           |            |           |          |      |                  |              |                   |              |
| AD4        |                      |                  | MGTYTXP0_228                       | Gigabit       |             |         |            |                         |      |                   |                      |           |            |           |          |      |                  |              |                   |              |
| AD5        |                      |                  | GND                                | GND           |             |         |            |                         |      |                   |                      |       0.0 |            |           |          |      |                  |              |                   |              |
| AD6        |                      |                  | MGTAVTT_RS                         | Gigabit Power |             |         |            |                         |      |                   |                      |           |            |           |          |      |                  |              |                   |              |
| AD7        |                      |                  | MGTYTXN3_227                       | Gigabit       |             |         |            |                         |      |                   |                      |           |            |           |          |      |                  |              |                   |              |
| AD8        |                      |                  | MGTYTXP3_227                       | Gigabit       |             |         |            |                         |      |                   |                      |           |            |           |          |      |                  |              |                   |              |
| AD9        |                      |                  | GND                                | GND           |             |         |            |                         |      |                   |                      |       0.0 |            |           |          |      |                  |              |                   |              |
| AD10       |                      |                  | GND                                | GND           |             |         |            |                         |      |                   |                      |       0.0 |            |           |          |      |                  |              |                   |              |
| AD11       |                      |                  | GND                                | GND           |             |         |            |                         |      |                   |                      |       0.0 |            |           |          |      |                  |              |                   |              |
| AD12       |                      |                  | VCCINT                             | VCCINT        |             |         |            |                         |      |                   |                      |           |            |           |          |      |                  |              |                   |              |
| AD13       |                      |                  | GND                                | GND           |             |         |            |                         |      |                   |                      |       0.0 |            |           |          |      |                  |              |                   |              |
| AD14       |                      |                  | VCCINT                             | VCCINT        |             |         |            |                         |      |                   |                      |           |            |           |          |      |                  |              |                   |              |
| AD15       |                      |                  | GND                                | GND           |             |         |            |                         |      |                   |                      |       0.0 |            |           |          |      |                  |              |                   |              |
| AD16       |                      |                  | VCCINT                             | VCCINT        |             |         |            |                         |      |                   |                      |           |            |           |          |      |                  |              |                   |              |
| AD17       |                      |                  | GND                                | GND           |             |         |            |                         |      |                   |                      |       0.0 |            |           |          |      |                  |              |                   |              |
| AD18       |                      | Dedicated        | VREFN                              | XADC          |             |       0 |            |                         |      |                   |                      |           |            |           |          |      |                  |              |                   |              |
| AD19       |                      |                  | VP                                 | XADC          |             |         |            |                         |      |                   |                      |           |            |           |          |      |                  |              |                   |              |
| AD20       |                      |                  | VCCINT                             | VCCINT        |             |         |            |                         |      |                   |                      |           |            |           |          |      |                  |              |                   |              |
| AD21       |                      |                  | GND                                | GND           |             |         |            |                         |      |                   |                      |       0.0 |            |           |          |      |                  |              |                   |              |
| AD22       |                      |                  | VCCINT                             | VCCINT        |             |         |            |                         |      |                   |                      |           |            |           |          |      |                  |              |                   |              |
| AD23       |                      |                  | GND                                | GND           |             |         |            |                         |      |                   |                      |       0.0 |            |           |          |      |                  |              |                   |              |
| AD24       |                      |                  | VCCINT                             | VCCINT        |             |         |            |                         |      |                   |                      |           |            |           |          |      |                  |              |                   |              |
| AD25       |                      |                  | GND                                | GND           |             |         |            |                         |      |                   |                      |       0.0 |            |           |          |      |                  |              |                   |              |
| AD26       |                      |                  | VCCINT                             | VCCINT        |             |         |            |                         |      |                   |                      |           |            |           |          |      |                  |              |                   |              |
| AD27       |                      |                  | GND                                | GND           |             |         |            |                         |      |                   |                      |       0.0 |            |           |          |      |                  |              |                   |              |
| AD28       |                      |                  | VCCINT                             | VCCINT        |             |         |            |                         |      |                   |                      |           |            |           |          |      |                  |              |                   |              |
| AD29       |                      | High Performance | IO_L15N_T2L_N5_AD11N_68            | User IO       |             |      68 |            |                         |      |                   |                      |           |            |           |          |      |                  |              |                   |              |
| AD30       |                      | High Performance | IO_L14P_T2L_N2_GC_68               | GCLK          |             |      68 |            |                         |      |                   |                      |           |            |           |          |      |                  |              |                   |              |
| AD31       |                      | High Performance | IO_L16N_T2U_N7_QBC_AD3N_68         | User IO       |             |      68 |            |                         |      |                   |                      |           |            |           |          |      |                  |              |                   |              |
| AD32       |                      | High Performance | IO_L17N_T2U_N9_AD10N_68            | User IO       |             |      68 |            |                         |      |                   |                      |           |            |           |          |      |                  |              |                   |              |
| AD33       |                      |                  | GND                                | GND           |             |         |            |                         |      |                   |                      |       0.0 |            |           |          |      |                  |              |                   |              |
| AD34       |                      | High Performance | IO_L11N_T1U_N9_GC_68               | GCLK          |             |      68 |            |                         |      |                   |                      |           |            |           |          |      |                  |              |                   |              |
| AD35       |                      | High Performance | IO_L10N_T1U_N7_QBC_AD4N_68         | User IO       |             |      68 |            |                         |      |                   |                      |           |            |           |          |      |                  |              |                   |              |
| AD36       |                      | High Performance | IO_L8P_T1L_N2_AD5P_68              | User IO       |             |      68 |            |                         |      |                   |                      |           |            |           |          |      |                  |              |                   |              |
| AD37       |                      | High Performance | IO_L7N_T1L_N1_QBC_AD13N_68         | User IO       |             |      68 |            |                         |      |                   |                      |           |            |           |          |      |                  |              |                   |              |
| AE1        |                      |                  | MGTYRXN0_228                       | Gigabit       |             |         |            |                         |      |                   |                      |           |            |           |          |      |                  |              |                   |              |
| AE2        |                      |                  | MGTYRXP0_228                       | Gigabit       |             |         |            |                         |      |                   |                      |           |            |           |          |      |                  |              |                   |              |
| AE3        |                      |                  | GND                                | GND           |             |         |            |                         |      |                   |                      |       0.0 |            |           |          |      |                  |              |                   |              |
| AE4        |                      |                  | GND                                | GND           |             |         |            |                         |      |                   |                      |       0.0 |            |           |          |      |                  |              |                   |              |
| AE5        |                      |                  | MGTYTXN2_227                       | Gigabit       |             |         |            |                         |      |                   |                      |           |            |           |          |      |                  |              |                   |              |
| AE6        |                      |                  | MGTYTXP2_227                       | Gigabit       |             |         |            |                         |      |                   |                      |           |            |           |          |      |                  |              |                   |              |
| AE7        |                      |                  | GND                                | GND           |             |         |            |                         |      |                   |                      |       0.0 |            |           |          |      |                  |              |                   |              |
| AE8        |                      |                  | MGTAVCC_RS                         | Gigabit Power |             |         |            |                         |      |                   |                      |           |            |           |          |      |                  |              |                   |              |
| AE9        |                      |                  | MGTREFCLK1N_227                    | Gigabit       |             |         |            |                         |      |                   |                      |           |            |           |          |      |                  |              |                   |              |
| AE10       |                      |                  | MGTREFCLK1P_227                    | Gigabit       |             |         |            |                         |      |                   |                      |           |            |           |          |      |                  |              |                   |              |
| AE11       |                      |                  | GND                                | GND           |             |         |            |                         |      |                   |                      |       0.0 |            |           |          |      |                  |              |                   |              |
| AE12       |                      |                  | GND                                | GND           |             |         |            |                         |      |                   |                      |       0.0 |            |           |          |      |                  |              |                   |              |
| AE13       |                      |                  | VCCINT                             | VCCINT        |             |         |            |                         |      |                   |                      |           |            |           |          |      |                  |              |                   |              |
| AE14       |                      |                  | GND                                | GND           |             |         |            |                         |      |                   |                      |       0.0 |            |           |          |      |                  |              |                   |              |
| AE15       |                      |                  | VCCINT                             | VCCINT        |             |         |            |                         |      |                   |                      |           |            |           |          |      |                  |              |                   |              |
| AE16       |                      |                  | GND                                | GND           |             |         |            |                         |      |                   |                      |       0.0 |            |           |          |      |                  |              |                   |              |
| AE17       |                      |                  | VCCINT                             | VCCINT        |             |         |            |                         |      |                   |                      |           |            |           |          |      |                  |              |                   |              |
| AE18       |                      |                  | VN                                 | XADC          |             |         |            |                         |      |                   |                      |           |            |           |          |      |                  |              |                   |              |
| AE19       |                      | Dedicated        | VREFP                              | XADC          |             |       0 |            |                         |      |                   |                      |           |            |           |          |      |                  |              |                   |              |
| AE20       |                      |                  | GND                                | GND           |             |         |            |                         |      |                   |                      |       0.0 |            |           |          |      |                  |              |                   |              |
| AE21       |                      |                  | VCCINT                             | VCCINT        |             |         |            |                         |      |                   |                      |           |            |           |          |      |                  |              |                   |              |
| AE22       |                      |                  | GND                                | GND           |             |         |            |                         |      |                   |                      |       0.0 |            |           |          |      |                  |              |                   |              |
| AE23       |                      |                  | VCCINT                             | VCCINT        |             |         |            |                         |      |                   |                      |           |            |           |          |      |                  |              |                   |              |
| AE24       |                      |                  | GND                                | GND           |             |         |            |                         |      |                   |                      |       0.0 |            |           |          |      |                  |              |                   |              |
| AE25       |                      |                  | VCCINT                             | VCCINT        |             |         |            |                         |      |                   |                      |           |            |           |          |      |                  |              |                   |              |
| AE26       |                      |                  | GND                                | GND           |             |         |            |                         |      |                   |                      |       0.0 |            |           |          |      |                  |              |                   |              |
| AE27       |                      |                  | VCCINT                             | VCCINT        |             |         |            |                         |      |                   |                      |           |            |           |          |      |                  |              |                   |              |
| AE28       |                      |                  | GND                                | GND           |             |         |            |                         |      |                   |                      |       0.0 |            |           |          |      |                  |              |                   |              |
| AE29       |                      | High Performance | IO_T2U_N12_68                      | User IO       |             |      68 |            |                         |      |                   |                      |           |            |           |          |      |                  |              |                   |              |
| AE30       |                      | High Performance | VCCO_66                            | VCCO          |             |      66 |            |                         |      |                   |                      | 0.00-1.80 |            |           |          |      |                  |              |                   |              |
| AE31       |                      | High Performance | IO_L14N_T2L_N3_GC_68               | GCLK          |             |      68 |            |                         |      |                   |                      |           |            |           |          |      |                  |              |                   |              |
| AE32       |                      | High Performance | IO_L13P_T2L_N0_GC_QBC_68           | GCLK          |             |      68 |            |                         |      |                   |                      |           |            |           |          |      |                  |              |                   |              |
| AE33       |                      | High Performance | IO_L13N_T2L_N1_GC_QBC_68           | GCLK          |             |      68 |            |                         |      |                   |                      |           |            |           |          |      |                  |              |                   |              |
| AE34       |                      | High Performance | IO_L12P_T1U_N10_GC_68              | GCLK          |             |      68 |            |                         |      |                   |                      |           |            |           |          |      |                  |              |                   |              |
| AE35       |                      |                  | GND                                | GND           |             |         |            |                         |      |                   |                      |       0.0 |            |           |          |      |                  |              |                   |              |
| AE36       |                      | High Performance | IO_L9P_T1L_N4_AD12P_68             | User IO       |             |      68 |            |                         |      |                   |                      |           |            |           |          |      |                  |              |                   |              |
| AE37       |                      | High Performance | IO_L8N_T1L_N3_AD5N_68              | User IO       |             |      68 |            |                         |      |                   |                      |           |            |           |          |      |                  |              |                   |              |
| AF1        |                      |                  | GND                                | GND           |             |         |            |                         |      |                   |                      |       0.0 |            |           |          |      |                  |              |                   |              |
| AF2        |                      |                  | GND                                | GND           |             |         |            |                         |      |                   |                      |       0.0 |            |           |          |      |                  |              |                   |              |
| AF3        |                      |                  | MGTYRXN3_227                       | Gigabit       |             |         |            |                         |      |                   |                      |           |            |           |          |      |                  |              |                   |              |
| AF4        |                      |                  | MGTYRXP3_227                       | Gigabit       |             |         |            |                         |      |                   |                      |           |            |           |          |      |                  |              |                   |              |
| AF5        |                      |                  | GND                                | GND           |             |         |            |                         |      |                   |                      |       0.0 |            |           |          |      |                  |              |                   |              |
| AF6        |                      |                  | MGTAVTT_RS                         | Gigabit Power |             |         |            |                         |      |                   |                      |           |            |           |          |      |                  |              |                   |              |
| AF7        |                      |                  | MGTREFCLK0N_227                    | Gigabit       |             |         |            |                         |      |                   |                      |           |            |           |          |      |                  |              |                   |              |
| AF8        |                      |                  | MGTREFCLK0P_227                    | Gigabit       |             |         |            |                         |      |                   |                      |           |            |           |          |      |                  |              |                   |              |
| AF9        |                      |                  | GND                                | GND           |             |         |            |                         |      |                   |                      |       0.0 |            |           |          |      |                  |              |                   |              |
| AF10       |                      |                  | GND                                | GND           |             |         |            |                         |      |                   |                      |       0.0 |            |           |          |      |                  |              |                   |              |
| AF11       |                      |                  | GND                                | GND           |             |         |            |                         |      |                   |                      |       0.0 |            |           |          |      |                  |              |                   |              |
| AF12       |                      |                  | VCCINT                             | VCCINT        |             |         |            |                         |      |                   |                      |           |            |           |          |      |                  |              |                   |              |
| AF13       |                      |                  | GND                                | GND           |             |         |            |                         |      |                   |                      |       0.0 |            |           |          |      |                  |              |                   |              |
| AF14       |                      |                  | VCCINT                             | VCCINT        |             |         |            |                         |      |                   |                      |           |            |           |          |      |                  |              |                   |              |
| AF15       |                      |                  | GND                                | GND           |             |         |            |                         |      |                   |                      |       0.0 |            |           |          |      |                  |              |                   |              |
| AF16       |                      |                  | VCCINT                             | VCCINT        |             |         |            |                         |      |                   |                      |           |            |           |          |      |                  |              |                   |              |
| AF17       |                      |                  | GND                                | GND           |             |         |            |                         |      |                   |                      |       0.0 |            |           |          |      |                  |              |                   |              |
| AF18       |                      | Dedicated        | DXN                                | Temp Sensor   |             |       0 |            |                         |      |                   |                      |           |            |           |          |      |                  |              |                   |              |
| AF19       |                      | Dedicated        | DXP                                | Temp Sensor   |             |       0 |            |                         |      |                   |                      |           |            |           |          |      |                  |              |                   |              |
| AF20       |                      |                  | VCCINT                             | VCCINT        |             |         |            |                         |      |                   |                      |           |            |           |          |      |                  |              |                   |              |
| AF21       |                      |                  | GND                                | GND           |             |         |            |                         |      |                   |                      |       0.0 |            |           |          |      |                  |              |                   |              |
| AF22       |                      |                  | VCCINT                             | VCCINT        |             |         |            |                         |      |                   |                      |           |            |           |          |      |                  |              |                   |              |
| AF23       |                      |                  | GND                                | GND           |             |         |            |                         |      |                   |                      |       0.0 |            |           |          |      |                  |              |                   |              |
| AF24       |                      |                  | VCCINT                             | VCCINT        |             |         |            |                         |      |                   |                      |           |            |           |          |      |                  |              |                   |              |
| AF25       |                      |                  | GND                                | GND           |             |         |            |                         |      |                   |                      |       0.0 |            |           |          |      |                  |              |                   |              |
| AF26       |                      |                  | VCCINT                             | VCCINT        |             |         |            |                         |      |                   |                      |           |            |           |          |      |                  |              |                   |              |
| AF27       |                      |                  | GND                                | GND           |             |         |            |                         |      |                   |                      |       0.0 |            |           |          |      |                  |              |                   |              |
| AF28       |                      |                  | VCCINT                             | VCCINT        |             |         |            |                         |      |                   |                      |           |            |           |          |      |                  |              |                   |              |
| AF29       |                      | High Performance | IO_L23P_T3U_N8_66                  | User IO       |             |      66 |            |                         |      |                   |                      |           |            |           |          |      |                  |              |                   |              |
| AF30       |                      | High Performance | IO_L23N_T3U_N9_66                  | User IO       |             |      66 |            |                         |      |                   |                      |           |            |           |          |      |                  |              |                   |              |
| AF31       |                      | High Performance | IO_L24P_T3U_N10_66                 | User IO       |             |      66 |            |                         |      |                   |                      |           |            |           |          |      |                  |              |                   |              |
| AF32       |                      |                  | GND                                | GND           |             |         |            |                         |      |                   |                      |       0.0 |            |           |          |      |                  |              |                   |              |
| AF33       |                      | High Performance | IO_L22P_T3U_N6_DBC_AD0P_67         | User IO       |             |      67 |            |                         |      |                   |                      |           |            |           |          |      |                  |              |                   |              |
| AF34       |                      | High Performance | IO_L12N_T1U_N11_GC_68              | GCLK          |             |      68 |            |                         |      |                   |                      |           |            |           |          |      |                  |              |                   |              |
| AF35       |                      | High Performance | IO_T1U_N12_68                      | User IO       |             |      68 |            |                         |      |                   |                      |           |            |           |          |      |                  |              |                   |              |
| AF36       |                      | High Performance | IO_L9N_T1L_N5_AD12N_68             | User IO       |             |      68 |            |                         |      |                   |                      |           |            |           |          |      |                  |              |                   |              |
| AF37       |                      |                  | GND                                | GND           |             |         |            |                         |      |                   |                      |       0.0 |            |           |          |      |                  |              |                   |              |
| AG1        |                      |                  | MGTYRXN2_227                       | Gigabit       |             |         |            |                         |      |                   |                      |           |            |           |          |      |                  |              |                   |              |
| AG2        |                      |                  | MGTYRXP2_227                       | Gigabit       |             |         |            |                         |      |                   |                      |           |            |           |          |      |                  |              |                   |              |
| AG3        |                      |                  | GND                                | GND           |             |         |            |                         |      |                   |                      |       0.0 |            |           |          |      |                  |              |                   |              |
| AG4        |                      |                  | GND                                | GND           |             |         |            |                         |      |                   |                      |       0.0 |            |           |          |      |                  |              |                   |              |
| AG5        |                      |                  | MGTYTXN1_227                       | Gigabit       |             |         |            |                         |      |                   |                      |           |            |           |          |      |                  |              |                   |              |
| AG6        |                      |                  | MGTYTXP1_227                       | Gigabit       |             |         |            |                         |      |                   |                      |           |            |           |          |      |                  |              |                   |              |
| AG7        |                      |                  | GND                                | GND           |             |         |            |                         |      |                   |                      |       0.0 |            |           |          |      |                  |              |                   |              |
| AG8        |                      |                  | MGTAVCC_RS                         | Gigabit Power |             |         |            |                         |      |                   |                      |           |            |           |          |      |                  |              |                   |              |
| AG9        |                      |                  | MGTREFCLK1N_226                    | Gigabit       |             |         |            |                         |      |                   |                      |           |            |           |          |      |                  |              |                   |              |
| AG10       |                      |                  | MGTREFCLK1P_226                    | Gigabit       |             |         |            |                         |      |                   |                      |           |            |           |          |      |                  |              |                   |              |
| AG11       |                      |                  | GND                                | GND           |             |         |            |                         |      |                   |                      |       0.0 |            |           |          |      |                  |              |                   |              |
| AG12       |                      |                  | GND                                | GND           |             |         |            |                         |      |                   |                      |       0.0 |            |           |          |      |                  |              |                   |              |
| AG13       |                      |                  | VCCINT                             | VCCINT        |             |         |            |                         |      |                   |                      |           |            |           |          |      |                  |              |                   |              |
| AG14       |                      |                  | GND                                | GND           |             |         |            |                         |      |                   |                      |       0.0 |            |           |          |      |                  |              |                   |              |
| AG15       |                      |                  | VCCINT                             | VCCINT        |             |         |            |                         |      |                   |                      |           |            |           |          |      |                  |              |                   |              |
| AG16       |                      |                  | GND                                | GND           |             |         |            |                         |      |                   |                      |       0.0 |            |           |          |      |                  |              |                   |              |
| AG17       |                      |                  | VCCINT                             | VCCINT        |             |         |            |                         |      |                   |                      |           |            |           |          |      |                  |              |                   |              |
| AG18       |                      |                  | GND                                | GND           |             |         |            |                         |      |                   |                      |       0.0 |            |           |          |      |                  |              |                   |              |
| AG19       |                      |                  | VCCINT                             | VCCINT        |             |         |            |                         |      |                   |                      |           |            |           |          |      |                  |              |                   |              |
| AG20       |                      |                  | GND                                | GND           |             |         |            |                         |      |                   |                      |       0.0 |            |           |          |      |                  |              |                   |              |
| AG21       |                      |                  | VCCINT                             | VCCINT        |             |         |            |                         |      |                   |                      |           |            |           |          |      |                  |              |                   |              |
| AG22       |                      |                  | GND                                | GND           |             |         |            |                         |      |                   |                      |       0.0 |            |           |          |      |                  |              |                   |              |
| AG23       |                      |                  | VCCINT                             | VCCINT        |             |         |            |                         |      |                   |                      |           |            |           |          |      |                  |              |                   |              |
| AG24       |                      |                  | GND                                | GND           |             |         |            |                         |      |                   |                      |       0.0 |            |           |          |      |                  |              |                   |              |
| AG25       |                      |                  | VCCINT                             | VCCINT        |             |         |            |                         |      |                   |                      |           |            |           |          |      |                  |              |                   |              |
| AG26       |                      |                  | GND                                | GND           |             |         |            |                         |      |                   |                      |       0.0 |            |           |          |      |                  |              |                   |              |
| AG27       |                      |                  | VCCINT                             | VCCINT        |             |         |            |                         |      |                   |                      |           |            |           |          |      |                  |              |                   |              |
| AG28       |                      |                  | GND                                | GND           |             |         |            |                         |      |                   |                      |       0.0 |            |           |          |      |                  |              |                   |              |
| AG29       |                      |                  | GND                                | GND           |             |         |            |                         |      |                   |                      |       0.0 |            |           |          |      |                  |              |                   |              |
| AG30       |                      | High Performance | IO_L22P_T3U_N6_DBC_AD0P_66         | User IO       |             |      66 |            |                         |      |                   |                      |           |            |           |          |      |                  |              |                   |              |
| AG31       |                      | High Performance | IO_L24N_T3U_N11_66                 | User IO       |             |      66 |            |                         |      |                   |                      |           |            |           |          |      |                  |              |                   |              |
| AG32       |                      | High Performance | VREF_67                            | Voltage       |             |      67 |            |                         |      |                   |                      |           |            |           |          |      |                  |              |                   |              |
| AG33       |                      | High Performance | IO_L22N_T3U_N7_DBC_AD0N_67         | User IO       |             |      67 |            |                         |      |                   |                      |           |            |           |          |      |                  |              |                   |              |
| AG34       |                      | High Performance | VCCO_66                            | VCCO          |             |      66 |            |                         |      |                   |                      | 0.00-1.80 |            |           |          |      |                  |              |                   |              |
| AG35       |                      | High Performance | IO_L23P_T3U_N8_67                  | User IO       |             |      67 |            |                         |      |                   |                      |           |            |           |          |      |                  |              |                   |              |
| AG36       |                      | High Performance | IO_L24P_T3U_N10_67                 | User IO       |             |      67 |            |                         |      |                   |                      |           |            |           |          |      |                  |              |                   |              |
| AG37       |                      | High Performance | IO_L24N_T3U_N11_67                 | User IO       |             |      67 |            |                         |      |                   |                      |           |            |           |          |      |                  |              |                   |              |
| AH1        |                      |                  | GND                                | GND           |             |         |            |                         |      |                   |                      |       0.0 |            |           |          |      |                  |              |                   |              |
| AH2        |                      |                  | GND                                | GND           |             |         |            |                         |      |                   |                      |       0.0 |            |           |          |      |                  |              |                   |              |
| AH3        |                      |                  | MGTYTXN0_227                       | Gigabit       |             |         |            |                         |      |                   |                      |           |            |           |          |      |                  |              |                   |              |
| AH4        |                      |                  | MGTYTXP0_227                       | Gigabit       |             |         |            |                         |      |                   |                      |           |            |           |          |      |                  |              |                   |              |
| AH5        |                      |                  | GND                                | GND           |             |         |            |                         |      |                   |                      |       0.0 |            |           |          |      |                  |              |                   |              |
| AH6        |                      |                  | MGTAVTT_RS                         | Gigabit Power |             |         |            |                         |      |                   |                      |           |            |           |          |      |                  |              |                   |              |
| AH7        |                      |                  | MGTAVTTRCAL_RS                     | Gigabit       |             |         |            |                         |      |                   |                      |           |            |           |          |      |                  |              |                   |              |
| AH8        |                      |                  | MGTRREF_RS                         | Gigabit       |             |         |            |                         |      |                   |                      |           |            |           |          |      |                  |              |                   |              |
| AH9        |                      |                  | GND                                | GND           |             |         |            |                         |      |                   |                      |       0.0 |            |           |          |      |                  |              |                   |              |
| AH10       |                      |                  | MGTVCCAUX_RS                       | Gigabit Power |             |         |            |                         |      |                   |                      |           |            |           |          |      |                  |              |                   |              |
| AH11       |                      |                  | GND                                | GND           |             |         |            |                         |      |                   |                      |       0.0 |            |           |          |      |                  |              |                   |              |
| AH12       |                      | Dedicated        | M0_0                               | Config        |             |       0 |            |                         |      |                   |                      |           |            |           |          |      |                  |              |                   |              |
| AH13       |                      | Dedicated        | M2_0                               | Config        |             |       0 |            |                         |      |                   |                      |           |            |           |          |      |                  |              |                   |              |
| AH14       |                      | Dedicated        | D01_DIN_0                          | Config        |             |       0 |            |                         |      |                   |                      |           |            |           |          |      |                  |              |                   |              |
| AH15       |                      | Dedicated        | VBATT                              | Config        |             |       0 |            |                         |      |                   |                      |           |            |           |          |      |                  |              |                   |              |
| AH16       |                      |                  | GND                                | GND           |             |         |            |                         |      |                   |                      |       0.0 |            |           |          |      |                  |              |                   |              |
| AH17       |                      | High Performance | IO_L24P_T3U_N10_EMCCLK_65          | User IO       |             |      65 |            |                         |      |                   |                      |           |            |           |          |      |                  |              |                   |              |
| AH18       |                      | High Performance | IO_L24N_T3U_N11_DOUT_CSO_B_65      | User IO       |             |      65 |            |                         |      |                   |                      |           |            |           |          |      |                  |              |                   |              |
| AH19       |                      | High Performance | IO_L15P_T2L_N4_AD11P_A02_D18_65    | User IO       |             |      65 |            |                         |      |                   |                      |           |            |           |          |      |                  |              |                   |              |
| AH20       |                      | High Performance | IO_L14P_T2L_N2_GC_A04_D20_65       | GCLK          |             |      65 |            |                         |      |                   |                      |           |            |           |          |      |                  |              |                   |              |
| AH21       |                      |                  | GND                                | GND           |             |         |            |                         |      |                   |                      |       0.0 |            |           |          |      |                  |              |                   |              |
| AH22       |                      | High Performance | VREF_65                            | Voltage       |             |      65 |            |                         |      |                   |                      |           |            |           |          |      |                  |              |                   |              |
| AH23       |                      | High Performance | IO_T1U_N12_SMBALERT_65             | User IO       |             |      65 |            |                         |      |                   |                      |           |            |           |          |      |                  |              |                   |              |
| AH24       |                      | High Performance | IO_L9P_T1L_N4_AD12P_A14_D30_65     | User IO       |             |      65 |            |                         |      |                   |                      |           |            |           |          |      |                  |              |                   |              |
| AH25       |                      | High Performance | IO_L7P_T1L_N0_QBC_AD13P_A18_65     | User IO       |             |      65 |            |                         |      |                   |                      |           |            |           |          |      |                  |              |                   |              |
| AH26       |                      |                  | GND                                | GND           |             |         |            |                         |      |                   |                      |       0.0 |            |           |          |      |                  |              |                   |              |
| AH27       |                      | High Performance | IO_L18P_T2U_N10_AD2P_66            | User IO       |             |      66 |            |                         |      |                   |                      |           |            |           |          |      |                  |              |                   |              |
| AH28       |                      | High Performance | IO_L18N_T2U_N11_AD2N_66            | User IO       |             |      66 |            |                         |      |                   |                      |           |            |           |          |      |                  |              |                   |              |
| AH29       |                      | High Performance | IO_L21P_T3L_N4_AD8P_66             | User IO       |             |      66 |            |                         |      |                   |                      |           |            |           |          |      |                  |              |                   |              |
| AH30       |                      | High Performance | IO_L22N_T3U_N7_DBC_AD0N_66         | User IO       |             |      66 |            |                         |      |                   |                      |           |            |           |          |      |                  |              |                   |              |
| AH31       |                      |                  | GND                                | GND           |             |         |            |                         |      |                   |                      |       0.0 |            |           |          |      |                  |              |                   |              |
| AH32       |                      | High Performance | IO_L21P_T3L_N4_AD8P_67             | User IO       |             |      67 |            |                         |      |                   |                      |           |            |           |          |      |                  |              |                   |              |
| AH33       |                      | High Performance | IO_T3U_N12_67                      | User IO       |             |      67 |            |                         |      |                   |                      |           |            |           |          |      |                  |              |                   |              |
| AH34       |                      | High Performance | IO_L20P_T3L_N2_AD1P_67             | User IO       |             |      67 |            |                         |      |                   |                      |           |            |           |          |      |                  |              |                   |              |
| AH35       |                      | High Performance | IO_L23N_T3U_N9_67                  | User IO       |             |      67 |            |                         |      |                   |                      |           |            |           |          |      |                  |              |                   |              |
| AH36       |                      |                  | GND                                | GND           |             |         |            |                         |      |                   |                      |       0.0 |            |           |          |      |                  |              |                   |              |
| AH37       |                      | High Performance | IO_L19P_T3L_N0_DBC_AD9P_67         | User IO       |             |      67 |            |                         |      |                   |                      |           |            |           |          |      |                  |              |                   |              |
| AJ1        |                      |                  | MGTYRXN1_227                       | Gigabit       |             |         |            |                         |      |                   |                      |           |            |           |          |      |                  |              |                   |              |
| AJ2        |                      |                  | MGTYRXP1_227                       | Gigabit       |             |         |            |                         |      |                   |                      |           |            |           |          |      |                  |              |                   |              |
| AJ3        |                      |                  | GND                                | GND           |             |         |            |                         |      |                   |                      |       0.0 |            |           |          |      |                  |              |                   |              |
| AJ4        |                      |                  | GND                                | GND           |             |         |            |                         |      |                   |                      |       0.0 |            |           |          |      |                  |              |                   |              |
| AJ5        |                      |                  | MGTYTXN3_226                       | Gigabit       |             |         |            |                         |      |                   |                      |           |            |           |          |      |                  |              |                   |              |
| AJ6        |                      |                  | MGTYTXP3_226                       | Gigabit       |             |         |            |                         |      |                   |                      |           |            |           |          |      |                  |              |                   |              |
| AJ7        |                      |                  | GND                                | GND           |             |         |            |                         |      |                   |                      |       0.0 |            |           |          |      |                  |              |                   |              |
| AJ8        |                      |                  | MGTAVCC_RS                         | Gigabit Power |             |         |            |                         |      |                   |                      |           |            |           |          |      |                  |              |                   |              |
| AJ9        |                      |                  | MGTREFCLK0N_226                    | Gigabit       |             |         |            |                         |      |                   |                      |           |            |           |          |      |                  |              |                   |              |
| AJ10       |                      |                  | MGTREFCLK0P_226                    | Gigabit       |             |         |            |                         |      |                   |                      |           |            |           |          |      |                  |              |                   |              |
| AJ11       |                      |                  | GND                                | GND           |             |         |            |                         |      |                   |                      |       0.0 |            |           |          |      |                  |              |                   |              |
| AJ12       |                      | Dedicated        | M1_0                               | Config        |             |       0 |            |                         |      |                   |                      |           |            |           |          |      |                  |              |                   |              |
| AJ13       |                      |                  | GND                                | GND           |             |         |            |                         |      |                   |                      |       0.0 |            |           |          |      |                  |              |                   |              |
| AJ14       |                      | Dedicated        | TMS_0                              | Config        |             |       0 |            |                         |      |                   |                      |           |            |           |          |      |                  |              |                   |              |
| AJ15       |                      | Dedicated        | TCK_0                              | Config        |             |       0 |            |                         |      |                   |                      |           |            |           |          |      |                  |              |                   |              |
| AJ16       |                      | High Performance | IO_L23P_T3U_N8_I2C_SCLK_65         | User IO       |             |      65 |            |                         |      |                   |                      |           |            |           |          |      |                  |              |                   |              |
| AJ17       |                      | High Performance | IO_L23N_T3U_N9_PERSTN1_I2C_SDA_65  | User IO       |             |      65 |            |                         |      |                   |                      |           |            |           |          |      |                  |              |                   |              |
| AJ18       |                      |                  | GND                                | GND           |             |         |            |                         |      |                   |                      |       0.0 |            |           |          |      |                  |              |                   |              |
| AJ19       |                      | High Performance | IO_L15N_T2L_N5_AD11N_A03_D19_65    | User IO       |             |      65 |            |                         |      |                   |                      |           |            |           |          |      |                  |              |                   |              |
| AJ20       |                      | High Performance | IO_L14N_T2L_N3_GC_A05_D21_65       | GCLK          |             |      65 |            |                         |      |                   |                      |           |            |           |          |      |                  |              |                   |              |
| AJ21       |                      | High Performance | IO_L13P_T2L_N0_GC_QBC_A06_D22_65   | GCLK          |             |      65 |            |                         |      |                   |                      |           |            |           |          |      |                  |              |                   |              |
| AJ22       |                      | High Performance | IO_L10P_T1U_N6_QBC_AD4P_A12_D28_65 | User IO       |             |      65 |            |                         |      |                   |                      |           |            |           |          |      |                  |              |                   |              |
| AJ23       |                      |                  | GND                                | GND           |             |         |            |                         |      |                   |                      |       0.0 |            |           |          |      |                  |              |                   |              |
| AJ24       |                      | High Performance | IO_L9N_T1L_N5_AD12N_A15_D31_65     | User IO       |             |      65 |            |                         |      |                   |                      |           |            |           |          |      |                  |              |                   |              |
| AJ25       |                      | High Performance | IO_L7N_T1L_N1_QBC_AD13N_A19_65     | User IO       |             |      65 |            |                         |      |                   |                      |           |            |           |          |      |                  |              |                   |              |
| AJ26       |                      | High Performance | VREF_66                            | Voltage       |             |      66 |            |                         |      |                   |                      |           |            |           |          |      |                  |              |                   |              |
| AJ27       |                      | High Performance | IO_L17P_T2U_N8_AD10P_66            | User IO       |             |      66 |            |                         |      |                   |                      |           |            |           |          |      |                  |              |                   |              |
| AJ28       |                      |                  | GND                                | GND           |             |         |            |                         |      |                   |                      |       0.0 |            |           |          |      |                  |              |                   |              |
| AJ29       |                      | High Performance | IO_L21N_T3L_N5_AD8N_66             | User IO       |             |      66 |            |                         |      |                   |                      |           |            |           |          |      |                  |              |                   |              |
| AJ30       |                      | High Performance | IO_L20P_T3L_N2_AD1P_66             | User IO       |             |      66 |            |                         |      |                   |                      |           |            |           |          |      |                  |              |                   |              |
| AJ31       |                      | High Performance | IO_L20N_T3L_N3_AD1N_66             | User IO       |             |      66 |            |                         |      |                   |                      |           |            |           |          |      |                  |              |                   |              |
| AJ32       |                      | High Performance | IO_L21N_T3L_N5_AD8N_67             | User IO       |             |      67 |            |                         |      |                   |                      |           |            |           |          |      |                  |              |                   |              |
| AJ33       |                      | High Performance | VCCO_66                            | VCCO          |             |      66 |            |                         |      |                   |                      | 0.00-1.80 |            |           |          |      |                  |              |                   |              |
| AJ34       |                      | High Performance | IO_L20N_T3L_N3_AD1N_67             | User IO       |             |      67 |            |                         |      |                   |                      |           |            |           |          |      |                  |              |                   |              |
| AJ35       |                      | High Performance | IO_L18P_T2U_N10_AD2P_67            | User IO       |             |      67 |            |                         |      |                   |                      |           |            |           |          |      |                  |              |                   |              |
| AJ36       |                      | High Performance | IO_L18N_T2U_N11_AD2N_67            | User IO       |             |      67 |            |                         |      |                   |                      |           |            |           |          |      |                  |              |                   |              |
| AJ37       |                      | High Performance | IO_L19N_T3L_N1_DBC_AD9N_67         | User IO       |             |      67 |            |                         |      |                   |                      |           |            |           |          |      |                  |              |                   |              |
| AK1        |                      |                  | GND                                | GND           |             |         |            |                         |      |                   |                      |       0.0 |            |           |          |      |                  |              |                   |              |
| AK2        |                      |                  | GND                                | GND           |             |         |            |                         |      |                   |                      |       0.0 |            |           |          |      |                  |              |                   |              |
| AK3        |                      |                  | MGTYRXN0_227                       | Gigabit       |             |         |            |                         |      |                   |                      |           |            |           |          |      |                  |              |                   |              |
| AK4        |                      |                  | MGTYRXP0_227                       | Gigabit       |             |         |            |                         |      |                   |                      |           |            |           |          |      |                  |              |                   |              |
| AK5        |                      |                  | GND                                | GND           |             |         |            |                         |      |                   |                      |       0.0 |            |           |          |      |                  |              |                   |              |
| AK6        |                      |                  | MGTAVTT_RS                         | Gigabit Power |             |         |            |                         |      |                   |                      |           |            |           |          |      |                  |              |                   |              |
| AK7        |                      |                  | MGTREFCLK1N_225                    | Gigabit       |             |         |            |                         |      |                   |                      |           |            |           |          |      |                  |              |                   |              |
| AK8        |                      |                  | MGTREFCLK1P_225                    | Gigabit       |             |         |            |                         |      |                   |                      |           |            |           |          |      |                  |              |                   |              |
| AK9        |                      |                  | GND                                | GND           |             |         |            |                         |      |                   |                      |       0.0 |            |           |          |      |                  |              |                   |              |
| AK10       |                      |                  | MGTVCCAUX_RS                       | Gigabit Power |             |         |            |                         |      |                   |                      |           |            |           |          |      |                  |              |                   |              |
| AK11       |                      |                  | GND                                | GND           |             |         |            |                         |      |                   |                      |       0.0 |            |           |          |      |                  |              |                   |              |
| AK12       |                      | Dedicated        | INIT_B_0                           | Config        |             |       0 |            |                         |      |                   |                      |           |            |           |          |      |                  |              |                   |              |
| AK13       |                      | Dedicated        | TDI_0                              | Config        |             |       0 |            |                         |      |                   |                      |           |            |           |          |      |                  |              |                   |              |
| AK14       |                      | Dedicated        | RDWR_FCS_B_0                       | Config        |             |       0 |            |                         |      |                   |                      |           |            |           |          |      |                  |              |                   |              |
| AK15       |                      |                  | GND                                | GND           |             |         |            |                         |      |                   |                      |       0.0 |            |           |          |      |                  |              |                   |              |
| AK16       |                      | High Performance | IO_L22P_T3U_N6_DBC_AD0P_D04_65     | User IO       |             |      65 |            |                         |      |                   |                      |           |            |           |          |      |                  |              |                   |              |
| AK17       |                      | High Performance | IO_L22N_T3U_N7_DBC_AD0N_D05_65     | User IO       |             |      65 |            |                         |      |                   |                      |           |            |           |          |      |                  |              |                   |              |
| AK18       |                      | High Performance | IO_T3U_N12_PERSTN0_65              | User IO       |             |      65 |            |                         |      |                   |                      |           |            |           |          |      |                  |              |                   |              |
| AK19       |                      | High Performance | IO_T2U_N12_CSI_ADV_B_65            | User IO       |             |      65 |            |                         |      |                   |                      |           |            |           |          |      |                  |              |                   |              |
| AK20       |                      |                  | GND                                | GND           |             |         |            |                         |      |                   |                      |       0.0 |            |           |          |      |                  |              |                   |              |
| AK21       |                      | High Performance | IO_L13N_T2L_N1_GC_QBC_A07_D23_65   | GCLK          |             |      65 |            |                         |      |                   |                      |           |            |           |          |      |                  |              |                   |              |
| AK22       |                      | High Performance | IO_L10N_T1U_N7_QBC_AD4N_A13_D29_65 | User IO       |             |      65 |            |                         |      |                   |                      |           |            |           |          |      |                  |              |                   |              |
| AK23       |                      | High Performance | IO_L11P_T1U_N8_GC_A10_D26_65       | GCLK          |             |      65 |            |                         |      |                   |                      |           |            |           |          |      |                  |              |                   |              |
| AK24       |                      | High Performance | IO_L8P_T1L_N2_AD5P_A16_65          | User IO       |             |      65 |            |                         |      |                   |                      |           |            |           |          |      |                  |              |                   |              |
| AK25       |                      |                  | GND                                | GND           |             |         |            |                         |      |                   |                      |       0.0 |            |           |          |      |                  |              |                   |              |
| AK26       |                      | High Performance | IO_L16P_T2U_N6_QBC_AD3P_66         | User IO       |             |      66 |            |                         |      |                   |                      |           |            |           |          |      |                  |              |                   |              |
| AK27       |                      | High Performance | IO_L17N_T2U_N9_AD10N_66            | User IO       |             |      66 |            |                         |      |                   |                      |           |            |           |          |      |                  |              |                   |              |
| AK28       |                      | High Performance | IO_T2U_N12_66                      | User IO       |             |      66 |            |                         |      |                   |                      |           |            |           |          |      |                  |              |                   |              |
| AK29       |                      | High Performance | IO_L19P_T3L_N0_DBC_AD9P_66         | User IO       |             |      66 |            |                         |      |                   |                      |           |            |           |          |      |                  |              |                   |              |
| AK30       |                      | High Performance | VCCO_66                            | VCCO          |             |      66 |            |                         |      |                   |                      | 0.00-1.80 |            |           |          |      |                  |              |                   |              |
| AK31       |                      | High Performance | IO_T3U_N12_66                      | User IO       |             |      66 |            |                         |      |                   |                      |           |            |           |          |      |                  |              |                   |              |
| AK32       |                      | High Performance | IO_T2U_N12_67                      | User IO       |             |      67 |            |                         |      |                   |                      |           |            |           |          |      |                  |              |                   |              |
| AK33       |                      | High Performance | IO_L16P_T2U_N6_QBC_AD3P_67         | User IO       |             |      67 |            |                         |      |                   |                      |           |            |           |          |      |                  |              |                   |              |
| AK34       |                      | High Performance | IO_L16N_T2U_N7_QBC_AD3N_67         | User IO       |             |      67 |            |                         |      |                   |                      |           |            |           |          |      |                  |              |                   |              |
| AK35       |                      |                  | GND                                | GND           |             |         |            |                         |      |                   |                      |       0.0 |            |           |          |      |                  |              |                   |              |
| AK36       |                      | High Performance | IO_L17P_T2U_N8_AD10P_67            | User IO       |             |      67 |            |                         |      |                   |                      |           |            |           |          |      |                  |              |                   |              |
| AK37       |                      | High Performance | IO_L17N_T2U_N9_AD10N_67            | User IO       |             |      67 |            |                         |      |                   |                      |           |            |           |          |      |                  |              |                   |              |
| AL1        |                      |                  | MGTYRXN3_226                       | Gigabit       |             |         |            |                         |      |                   |                      |           |            |           |          |      |                  |              |                   |              |
| AL2        |                      |                  | MGTYRXP3_226                       | Gigabit       |             |         |            |                         |      |                   |                      |           |            |           |          |      |                  |              |                   |              |
| AL3        |                      |                  | GND                                | GND           |             |         |            |                         |      |                   |                      |       0.0 |            |           |          |      |                  |              |                   |              |
| AL4        |                      |                  | GND                                | GND           |             |         |            |                         |      |                   |                      |       0.0 |            |           |          |      |                  |              |                   |              |
| AL5        |                      |                  | MGTYTXN2_226                       | Gigabit       |             |         |            |                         |      |                   |                      |           |            |           |          |      |                  |              |                   |              |
| AL6        |                      |                  | MGTYTXP2_226                       | Gigabit       |             |         |            |                         |      |                   |                      |           |            |           |          |      |                  |              |                   |              |
| AL7        |                      |                  | GND                                | GND           |             |         |            |                         |      |                   |                      |       0.0 |            |           |          |      |                  |              |                   |              |
| AL8        |                      |                  | MGTAVCC_RS                         | Gigabit Power |             |         |            |                         |      |                   |                      |           |            |           |          |      |                  |              |                   |              |
| AL9        |                      |                  | MGTREFCLK0N_225                    | Gigabit       |             |         |            |                         |      |                   |                      |           |            |           |          |      |                  |              |                   |              |
| AL10       |                      |                  | MGTREFCLK0P_225                    | Gigabit       |             |         |            |                         |      |                   |                      |           |            |           |          |      |                  |              |                   |              |
| AL11       |                      |                  | GND                                | GND           |             |         |            |                         |      |                   |                      |       0.0 |            |           |          |      |                  |              |                   |              |
| AL12       |                      |                  | GND                                | GND           |             |         |            |                         |      |                   |                      |       0.0 |            |           |          |      |                  |              |                   |              |
| AL13       |                      | Dedicated        | RSVDGND                            | GND           |             |       0 |            |                         |      |                   |                      |           |            |           |          |      |                  |              |                   |              |
| AL14       |                      | Dedicated        | D02_0                              | Config        |             |       0 |            |                         |      |                   |                      |           |            |           |          |      |                  |              |                   |              |
| AL15       |                      | Dedicated        | D03_0                              | Config        |             |       0 |            |                         |      |                   |                      |           |            |           |          |      |                  |              |                   |              |
| AL16       |                      | High Performance | IO_L21P_T3L_N4_AD8P_D06_65         | User IO       |             |      65 |            |                         |      |                   |                      |           |            |           |          |      |                  |              |                   |              |
| AL17       |                      |                  | GND                                | GND           |             |         |            |                         |      |                   |                      |       0.0 |            |           |          |      |                  |              |                   |              |
| AL18       |                      | High Performance | IO_L16P_T2U_N6_QBC_AD3P_A00_D16_65 | User IO       |             |      65 |            |                         |      |                   |                      |           |            |           |          |      |                  |              |                   |              |
| AL19       |                      | High Performance | IO_L16N_T2U_N7_QBC_AD3N_A01_D17_65 | User IO       |             |      65 |            |                         |      |                   |                      |           |            |           |          |      |                  |              |                   |              |
| AL20       |                      | High Performance | IO_L17P_T2U_N8_AD10P_D14_65        | User IO       |             |      65 |            |                         |      |                   |                      |           |            |           |          |      |                  |              |                   |              |
| AL21       |                      | High Performance | IO_L12P_T1U_N10_GC_A08_D24_65      | GCLK          |             |      65 |            |                         |      |                   |                      |           |            |           |          |      |                  |              |                   |              |
| AL22       |                      |                  | GND                                | GND           |             |         |            |                         |      |                   |                      |       0.0 |            |           |          |      |                  |              |                   |              |
| AL23       |                      | High Performance | IO_L11N_T1U_N9_GC_A11_D27_65       | GCLK          |             |      65 |            |                         |      |                   |                      |           |            |           |          |      |                  |              |                   |              |
| AL24       |                      | High Performance | IO_L8N_T1L_N3_AD5N_A17_65          | User IO       |             |      65 |            |                         |      |                   |                      |           |            |           |          |      |                  |              |                   |              |
| AL25       |                      | High Performance | IO_L6P_T0U_N10_AD6P_A20_65         | User IO       |             |      65 |            |                         |      |                   |                      |           |            |           |          |      |                  |              |                   |              |
| AL26       |                      | High Performance | IO_L16N_T2U_N7_QBC_AD3N_66         | User IO       |             |      66 |            |                         |      |                   |                      |           |            |           |          |      |                  |              |                   |              |
| AL27       |                      |                  | GND                                | GND           |             |         |            |                         |      |                   |                      |       0.0 |            |           |          |      |                  |              |                   |              |
| AL28       |                      | High Performance | IO_L14P_T2L_N2_GC_66               | GCLK          |             |      66 |            |                         |      |                   |                      |           |            |           |          |      |                  |              |                   |              |
| AL29       |                      | High Performance | IO_L19N_T3L_N1_DBC_AD9N_66         | User IO       |             |      66 |            |                         |      |                   |                      |           |            |           |          |      |                  |              |                   |              |
| AL30       |                      | High Performance | IO_L1P_T0L_N0_DBC_66               | User IO       |             |      66 |            |                         |      |                   |                      |           |            |           |          |      |                  |              |                   |              |
| AL31       |                      | High Performance | IO_L1N_T0L_N1_DBC_66               | User IO       |             |      66 |            |                         |      |                   |                      |           |            |           |          |      |                  |              |                   |              |
| AL32       |                      | High Performance | VCCO_66                            | VCCO          |             |      66 |            |                         |      |                   |                      | 0.00-1.80 |            |           |          |      |                  |              |                   |              |
| AL33       |                      | High Performance | IO_L15P_T2L_N4_AD11P_67            | User IO       |             |      67 |            |                         |      |                   |                      |           |            |           |          |      |                  |              |                   |              |
| AL34       |                      | High Performance | IO_L15N_T2L_N5_AD11N_67            | User IO       |             |      67 |            |                         |      |                   |                      |           |            |           |          |      |                  |              |                   |              |
| AL35       |                      | High Performance | IO_L14P_T2L_N2_GC_67               | GCLK          |             |      67 |            |                         |      |                   |                      |           |            |           |          |      |                  |              |                   |              |
| AL36       |                      | High Performance | IO_L14N_T2L_N3_GC_67               | GCLK          |             |      67 |            |                         |      |                   |                      |           |            |           |          |      |                  |              |                   |              |
| AL37       |                      |                  | GND                                | GND           |             |         |            |                         |      |                   |                      |       0.0 |            |           |          |      |                  |              |                   |              |
| AM1        |                      |                  | GND                                | GND           |             |         |            |                         |      |                   |                      |       0.0 |            |           |          |      |                  |              |                   |              |
| AM2        |                      |                  | GND                                | GND           |             |         |            |                         |      |                   |                      |       0.0 |            |           |          |      |                  |              |                   |              |
| AM3        |                      |                  | MGTYRXN2_226                       | Gigabit       |             |         |            |                         |      |                   |                      |           |            |           |          |      |                  |              |                   |              |
| AM4        |                      |                  | MGTYRXP2_226                       | Gigabit       |             |         |            |                         |      |                   |                      |           |            |           |          |      |                  |              |                   |              |
| AM5        |                      |                  | GND                                | GND           |             |         |            |                         |      |                   |                      |       0.0 |            |           |          |      |                  |              |                   |              |
| AM6        |                      |                  | MGTAVTT_RS                         | Gigabit Power |             |         |            |                         |      |                   |                      |           |            |           |          |      |                  |              |                   |              |
| AM7        |                      |                  | MGTREFCLK1N_224                    | Gigabit       |             |         |            |                         |      |                   |                      |           |            |           |          |      |                  |              |                   |              |
| AM8        |                      |                  | MGTREFCLK1P_224                    | Gigabit       |             |         |            |                         |      |                   |                      |           |            |           |          |      |                  |              |                   |              |
| AM9        |                      |                  | GND                                | GND           |             |         |            |                         |      |                   |                      |       0.0 |            |           |          |      |                  |              |                   |              |
| AM10       |                      |                  | GND                                | GND           |             |         |            |                         |      |                   |                      |       0.0 |            |           |          |      |                  |              |                   |              |
| AM11       |                      |                  | GND                                | GND           |             |         |            |                         |      |                   |                      |       0.0 |            |           |          |      |                  |              |                   |              |
| AM12       |                      | Dedicated        | PUDC_B_0                           | Config        |             |       0 |            |                         |      |                   |                      |           |            |           |          |      |                  |              |                   |              |
| AM13       |                      | Dedicated        | POR_OVERRIDE                       | Config        |             |       0 |            |                         |      |                   |                      |           |            |           |          |      |                  |              |                   |              |
| AM14       |                      | Dedicated        | VCCO_0                             | VCCO          |             |       0 |            |                         |      |                   |                      |     any** |            |           |          |      |                  |              |                   |              |
| AM15       |                      | Dedicated        | CCLK_0                             | Config        |             |       0 |            |                         |      |                   |                      |           |            |           |          |      |                  |              |                   |              |
| AM16       |                      | High Performance | IO_L21N_T3L_N5_AD8N_D07_65         | User IO       |             |      65 |            |                         |      |                   |                      |           |            |           |          |      |                  |              |                   |              |
| AM17       |                      | High Performance | IO_L20P_T3L_N2_AD1P_D08_65         | User IO       |             |      65 |            |                         |      |                   |                      |           |            |           |          |      |                  |              |                   |              |
| AM18       |                      | High Performance | IO_L19P_T3L_N0_DBC_AD9P_D10_65     | User IO       |             |      65 |            |                         |      |                   |                      |           |            |           |          |      |                  |              |                   |              |
| AM19       |                      |                  | GND                                | GND           |             |         |            |                         |      |                   |                      |       0.0 |            |           |          |      |                  |              |                   |              |
| AM20       |                      | High Performance | IO_L17N_T2U_N9_AD10N_D15_65        | User IO       |             |      65 |            |                         |      |                   |                      |           |            |           |          |      |                  |              |                   |              |
| AM21       |                      | High Performance | IO_L12N_T1U_N11_GC_A09_D25_65      | GCLK          |             |      65 |            |                         |      |                   |                      |           |            |           |          |      |                  |              |                   |              |
| AM22       |                      | High Performance | IO_L5P_T0U_N8_AD14P_A22_65         | User IO       |             |      65 |            |                         |      |                   |                      |           |            |           |          |      |                  |              |                   |              |
| AM23       |                      | High Performance | IO_L5N_T0U_N9_AD14N_A23_65         | User IO       |             |      65 |            |                         |      |                   |                      |           |            |           |          |      |                  |              |                   |              |
| AM24       |                      |                  | GND                                | GND           |             |         |            |                         |      |                   |                      |       0.0 |            |           |          |      |                  |              |                   |              |
| AM25       |                      | High Performance | IO_L6N_T0U_N11_AD6N_A21_65         | User IO       |             |      65 |            |                         |      |                   |                      |           |            |           |          |      |                  |              |                   |              |
| AM26       |                      | High Performance | IO_L15P_T2L_N4_AD11P_66            | User IO       |             |      66 |            |                         |      |                   |                      |           |            |           |          |      |                  |              |                   |              |
| AM27       |                      | High Performance | IO_L15N_T2L_N5_AD11N_66            | User IO       |             |      66 |            |                         |      |                   |                      |           |            |           |          |      |                  |              |                   |              |
| AM28       |                      | High Performance | IO_L14N_T2L_N3_GC_66               | GCLK          |             |      66 |            |                         |      |                   |                      |           |            |           |          |      |                  |              |                   |              |
| AM29       |                      |                  | GND                                | GND           |             |         |            |                         |      |                   |                      |       0.0 |            |           |          |      |                  |              |                   |              |
| AM30       |                      | High Performance | IO_L2P_T0L_N2_66                   | User IO       |             |      66 |            |                         |      |                   |                      |           |            |           |          |      |                  |              |                   |              |
| AM31       |                      | High Performance | IO_L2N_T0L_N3_66                   | User IO       |             |      66 |            |                         |      |                   |                      |           |            |           |          |      |                  |              |                   |              |
| AM32       |                      | High Performance | IO_L10P_T1U_N6_QBC_AD4P_67         | User IO       |             |      67 |            |                         |      |                   |                      |           |            |           |          |      |                  |              |                   |              |
| AM33       |                      | High Performance | IO_L11P_T1U_N8_GC_67               | GCLK          |             |      67 |            |                         |      |                   |                      |           |            |           |          |      |                  |              |                   |              |
| AM34       |                      |                  | GND                                | GND           |             |         |            |                         |      |                   |                      |       0.0 |            |           |          |      |                  |              |                   |              |
| AM35       |                      | High Performance | IO_L12P_T1U_N10_GC_67              | GCLK          |             |      67 |            |                         |      |                   |                      |           |            |           |          |      |                  |              |                   |              |
| AM36       |                      | High Performance | IO_L13P_T2L_N0_GC_QBC_67           | GCLK          |             |      67 |            |                         |      |                   |                      |           |            |           |          |      |                  |              |                   |              |
| AM37       |                      | High Performance | IO_L13N_T2L_N1_GC_QBC_67           | GCLK          |             |      67 |            |                         |      |                   |                      |           |            |           |          |      |                  |              |                   |              |
| AN1        |                      |                  | MGTYRXN1_226                       | Gigabit       |             |         |            |                         |      |                   |                      |           |            |           |          |      |                  |              |                   |              |
| AN2        |                      |                  | MGTYRXP1_226                       | Gigabit       |             |         |            |                         |      |                   |                      |           |            |           |          |      |                  |              |                   |              |
| AN3        |                      |                  | GND                                | GND           |             |         |            |                         |      |                   |                      |       0.0 |            |           |          |      |                  |              |                   |              |
| AN4        |                      |                  | GND                                | GND           |             |         |            |                         |      |                   |                      |       0.0 |            |           |          |      |                  |              |                   |              |
| AN5        |                      |                  | MGTYTXN1_226                       | Gigabit       |             |         |            |                         |      |                   |                      |           |            |           |          |      |                  |              |                   |              |
| AN6        |                      |                  | MGTYTXP1_226                       | Gigabit       |             |         |            |                         |      |                   |                      |           |            |           |          |      |                  |              |                   |              |
| AN7        |                      |                  | GND                                | GND           |             |         |            |                         |      |                   |                      |       0.0 |            |           |          |      |                  |              |                   |              |
| AN8        |                      |                  | MGTAVCC_RS                         | Gigabit Power |             |         |            |                         |      |                   |                      |           |            |           |          |      |                  |              |                   |              |
| AN9        |                      |                  | MGTREFCLK0N_224                    | Gigabit       |             |         |            |                         |      |                   |                      |           |            |           |          |      |                  |              |                   |              |
| AN10       |                      |                  | MGTREFCLK0P_224                    | Gigabit       |             |         |            |                         |      |                   |                      |           |            |           |          |      |                  |              |                   |              |
| AN11       |                      |                  | GND                                | GND           |             |         |            |                         |      |                   |                      |       0.0 |            |           |          |      |                  |              |                   |              |
| AN12       |                      | Dedicated        | DONE_0                             | Config        |             |       0 |            |                         |      |                   |                      |           |            |           |          |      |                  |              |                   |              |
| AN13       |                      | Dedicated        | PROGRAM_B_0                        | Config        |             |       0 |            |                         |      |                   |                      |           |            |           |          |      |                  |              |                   |              |
| AN14       |                      | Dedicated        | TDO_0                              | Config        |             |       0 |            |                         |      |                   |                      |           |            |           |          |      |                  |              |                   |              |
| AN15       |                      | Dedicated        | D00_MOSI_0                         | Config        |             |       0 |            |                         |      |                   |                      |           |            |           |          |      |                  |              |                   |              |
| AN16       |                      | Dedicated        | VCCO_0                             | VCCO          |             |       0 |            |                         |      |                   |                      |     any** |            |           |          |      |                  |              |                   |              |
| AN17       |                      | High Performance | IO_L20N_T3L_N3_AD1N_D09_65         | User IO       |             |      65 |            |                         |      |                   |                      |           |            |           |          |      |                  |              |                   |              |
| AN18       |                      | High Performance | IO_L19N_T3L_N1_DBC_AD9N_D11_65     | User IO       |             |      65 |            |                         |      |                   |                      |           |            |           |          |      |                  |              |                   |              |
| AN19       |                      | High Performance | IO_L18P_T2U_N10_AD2P_D12_65        | User IO       |             |      65 |            |                         |      |                   |                      |           |            |           |          |      |                  |              |                   |              |
| AN20       |                      | High Performance | IO_L18N_T2U_N11_AD2N_D13_65        | User IO       |             |      65 |            |                         |      |                   |                      |           |            |           |          |      |                  |              |                   |              |
| AN21       |                      | High Performance | VCCO_65                            | VCCO          |             |      65 |            |                         |      |                   |                      | 0.00-1.80 |            |           |          |      |                  |              |                   |              |
| AN22       |                      | High Performance | IO_L4P_T0U_N6_DBC_AD7P_A24_65      | User IO       |             |      65 |            |                         |      |                   |                      |           |            |           |          |      |                  |              |                   |              |
| AN23       |                      | High Performance | IO_L4N_T0U_N7_DBC_AD7N_A25_65      | User IO       |             |      65 |            |                         |      |                   |                      |           |            |           |          |      |                  |              |                   |              |
| AN24       |                      | High Performance | IO_T0U_N12_VRP_A28_65              | User IO       |             |      65 |            |                         |      |                   |                      |           |            |           |          |      |                  |              |                   |              |
| AN25       |                      | High Performance | IO_L3P_T0L_N4_AD15P_A26_65         | User IO       |             |      65 |            |                         |      |                   |                      |           |            |           |          |      |                  |              |                   |              |
| AN26       |                      | High Performance | VCCO_65                            | VCCO          |             |      65 |            |                         |      |                   |                      | 0.00-1.80 |            |           |          |      |                  |              |                   |              |
| AN27       |                      | High Performance | IO_L13P_T2L_N0_GC_QBC_66           | GCLK          |             |      66 |            |                         |      |                   |                      |           |            |           |          |      |                  |              |                   |              |
| AN28       |                      | High Performance | IO_L13N_T2L_N1_GC_QBC_66           | GCLK          |             |      66 |            |                         |      |                   |                      |           |            |           |          |      |                  |              |                   |              |
| AN29       |                      | High Performance | IO_L3P_T0L_N4_AD15P_66             | User IO       |             |      66 |            |                         |      |                   |                      |           |            |           |          |      |                  |              |                   |              |
| AN30       |                      | High Performance | IO_L3N_T0L_N5_AD15N_66             | User IO       |             |      66 |            |                         |      |                   |                      |           |            |           |          |      |                  |              |                   |              |
| AN31       |                      | High Performance | VCCO_66                            | VCCO          |             |      66 |            |                         |      |                   |                      | 0.00-1.80 |            |           |          |      |                  |              |                   |              |
| AN32       |                      | High Performance | IO_L10N_T1U_N7_QBC_AD4N_67         | User IO       |             |      67 |            |                         |      |                   |                      |           |            |           |          |      |                  |              |                   |              |
| AN33       |                      | High Performance | IO_L9P_T1L_N4_AD12P_67             | User IO       |             |      67 |            |                         |      |                   |                      |           |            |           |          |      |                  |              |                   |              |
| AN34       |                      | High Performance | IO_L11N_T1U_N9_GC_67               | GCLK          |             |      67 |            |                         |      |                   |                      |           |            |           |          |      |                  |              |                   |              |
| AN35       |                      | High Performance | IO_L12N_T1U_N11_GC_67              | GCLK          |             |      67 |            |                         |      |                   |                      |           |            |           |          |      |                  |              |                   |              |
| AN36       |                      |                  | GND                                | GND           |             |         |            |                         |      |                   |                      |       0.0 |            |           |          |      |                  |              |                   |              |
| AN37       |                      | High Performance | IO_L7P_T1L_N0_QBC_AD13P_67         | User IO       |             |      67 |            |                         |      |                   |                      |           |            |           |          |      |                  |              |                   |              |
| AP1        |                      |                  | GND                                | GND           |             |         |            |                         |      |                   |                      |       0.0 |            |           |          |      |                  |              |                   |              |
| AP2        |                      |                  | GND                                | GND           |             |         |            |                         |      |                   |                      |       0.0 |            |           |          |      |                  |              |                   |              |
| AP3        |                      |                  | MGTYTXN0_226                       | Gigabit       |             |         |            |                         |      |                   |                      |           |            |           |          |      |                  |              |                   |              |
| AP4        |                      |                  | MGTYTXP0_226                       | Gigabit       |             |         |            |                         |      |                   |                      |           |            |           |          |      |                  |              |                   |              |
| AP5        |                      |                  | GND                                | GND           |             |         |            |                         |      |                   |                      |       0.0 |            |           |          |      |                  |              |                   |              |
| AP6        |                      |                  | MGTAVTT_RS                         | Gigabit Power |             |         |            |                         |      |                   |                      |           |            |           |          |      |                  |              |                   |              |
| AP7        |                      |                  | MGTYTXN3_225                       | Gigabit       |             |         |            |                         |      |                   |                      |           |            |           |          |      |                  |              |                   |              |
| AP8        |                      |                  | MGTYTXP3_225                       | Gigabit       |             |         |            |                         |      |                   |                      |           |            |           |          |      |                  |              |                   |              |
| AP9        |                      |                  | GND                                | GND           |             |         |            |                         |      |                   |                      |       0.0 |            |           |          |      |                  |              |                   |              |
| AP10       |                      |                  | MGTAVCC_RS                         | Gigabit Power |             |         |            |                         |      |                   |                      |           |            |           |          |      |                  |              |                   |              |
| AP11       |                      |                  | GND                                | GND           |             |         |            |                         |      |                   |                      |       0.0 |            |           |          |      |                  |              |                   |              |
| AP12       |                      |                  | GND                                | GND           |             |         |            |                         |      |                   |                      |       0.0 |            |           |          |      |                  |              |                   |              |
| AP13       |                      |                  | GND                                | GND           |             |         |            |                         |      |                   |                      |       0.0 |            |           |          |      |                  |              |                   |              |
| AP14       |                      |                  | GND                                | GND           |             |         |            |                         |      |                   |                      |       0.0 |            |           |          |      |                  |              |                   |              |
| AP15       |                      |                  | GND                                | GND           |             |         |            |                         |      |                   |                      |       0.0 |            |           |          |      |                  |              |                   |              |
| AP16       |                      |                  | GND                                | GND           |             |         |            |                         |      |                   |                      |       0.0 |            |           |          |      |                  |              |                   |              |
| AP17       |                      |                  | GND                                | GND           |             |         |            |                         |      |                   |                      |       0.0 |            |           |          |      |                  |              |                   |              |
| AP18       |                      |                  | GND                                | GND           |             |         |            |                         |      |                   |                      |       0.0 |            |           |          |      |                  |              |                   |              |
| AP19       |                      |                  | GND                                | GND           |             |         |            |                         |      |                   |                      |       0.0 |            |           |          |      |                  |              |                   |              |
| AP20       |                      |                  | GND                                | GND           |             |         |            |                         |      |                   |                      |       0.0 |            |           |          |      |                  |              |                   |              |
| AP21       |                      |                  | GND                                | GND           |             |         |            |                         |      |                   |                      |       0.0 |            |           |          |      |                  |              |                   |              |
| AP22       |                      |                  | GND                                | GND           |             |         |            |                         |      |                   |                      |       0.0 |            |           |          |      |                  |              |                   |              |
| AP23       |                      |                  | GND                                | GND           |             |         |            |                         |      |                   |                      |       0.0 |            |           |          |      |                  |              |                   |              |
| AP24       |                      | High Performance | IO_L2P_T0L_N2_FOE_B_65             | User IO       |             |      65 |            |                         |      |                   |                      |           |            |           |          |      |                  |              |                   |              |
| AP25       |                      | High Performance | IO_L3N_T0L_N5_AD15N_A27_65         | User IO       |             |      65 |            |                         |      |                   |                      |           |            |           |          |      |                  |              |                   |              |
| AP26       |                      | High Performance | IO_L12P_T1U_N10_GC_66              | GCLK          |             |      66 |            |                         |      |                   |                      |           |            |           |          |      |                  |              |                   |              |
| AP27       |                      | High Performance | IO_L12N_T1U_N11_GC_66              | GCLK          |             |      66 |            |                         |      |                   |                      |           |            |           |          |      |                  |              |                   |              |
| AP28       |                      | High Performance | VCCO_66                            | VCCO          |             |      66 |            |                         |      |                   |                      | 0.00-1.80 |            |           |          |      |                  |              |                   |              |
| AP29       |                      | High Performance | IO_L4P_T0U_N6_DBC_AD7P_66          | User IO       |             |      66 |            |                         |      |                   |                      |           |            |           |          |      |                  |              |                   |              |
| AP30       |                      | High Performance | IO_L4N_T0U_N7_DBC_AD7N_66          | User IO       |             |      66 |            |                         |      |                   |                      |           |            |           |          |      |                  |              |                   |              |
| AP31       |                      | High Performance | IO_T0U_N12_VRP_66                  | User IO       |             |      66 |            |                         |      |                   |                      |           |            |           |          |      |                  |              |                   |              |
| AP32       |                      | High Performance | IO_T1U_N12_67                      | User IO       |             |      67 |            |                         |      |                   |                      |           |            |           |          |      |                  |              |                   |              |
| AP33       |                      |                  | GND                                | GND           |             |         |            |                         |      |                   |                      |       0.0 |            |           |          |      |                  |              |                   |              |
| AP34       |                      | High Performance | IO_L9N_T1L_N5_AD12N_67             | User IO       |             |      67 |            |                         |      |                   |                      |           |            |           |          |      |                  |              |                   |              |
| AP35       |                      | High Performance | IO_L6P_T0U_N10_AD6P_67             | User IO       |             |      67 |            |                         |      |                   |                      |           |            |           |          |      |                  |              |                   |              |
| AP36       |                      | High Performance | IO_L8P_T1L_N2_AD5P_67              | User IO       |             |      67 |            |                         |      |                   |                      |           |            |           |          |      |                  |              |                   |              |
| AP37       |                      | High Performance | IO_L7N_T1L_N1_QBC_AD13N_67         | User IO       |             |      67 |            |                         |      |                   |                      |           |            |           |          |      |                  |              |                   |              |
| AR1        |                      |                  | MGTYRXN0_226                       | Gigabit       |             |         |            |                         |      |                   |                      |           |            |           |          |      |                  |              |                   |              |
| AR2        |                      |                  | MGTYRXP0_226                       | Gigabit       |             |         |            |                         |      |                   |                      |           |            |           |          |      |                  |              |                   |              |
| AR3        |                      |                  | GND                                | GND           |             |         |            |                         |      |                   |                      |       0.0 |            |           |          |      |                  |              |                   |              |
| AR4        |                      |                  | GND                                | GND           |             |         |            |                         |      |                   |                      |       0.0 |            |           |          |      |                  |              |                   |              |
| AR5        |                      |                  | MGTYTXN2_225                       | Gigabit       |             |         |            |                         |      |                   |                      |           |            |           |          |      |                  |              |                   |              |
| AR6        |                      |                  | MGTYTXP2_225                       | Gigabit       |             |         |            |                         |      |                   |                      |           |            |           |          |      |                  |              |                   |              |
| AR7        |                      |                  | GND                                | GND           |             |         |            |                         |      |                   |                      |       0.0 |            |           |          |      |                  |              |                   |              |
| AR8        |                      |                  | GND                                | GND           |             |         |            |                         |      |                   |                      |       0.0 |            |           |          |      |                  |              |                   |              |
| AR9        |                      |                  | MGTYTXN1_225                       | Gigabit       |             |         |            |                         |      |                   |                      |           |            |           |          |      |                  |              |                   |              |
| AR10       |                      |                  | MGTYTXP1_225                       | Gigabit       |             |         |            |                         |      |                   |                      |           |            |           |          |      |                  |              |                   |              |
| AR11       |                      |                  | GND                                | GND           |             |         |            |                         |      |                   |                      |       0.0 |            |           |          |      |                  |              |                   |              |
| AR12       |                      |                  | GND                                | GND           |             |         |            |                         |      |                   |                      |       0.0 |            |           |          |      |                  |              |                   |              |
| AR13       |                      |                  | MGTYTXN3_224                       | Gigabit       |             |         |            |                         |      |                   |                      |           |            |           |          |      |                  |              |                   |              |
| AR14       |                      |                  | MGTYTXP3_224                       | Gigabit       |             |         |            |                         |      |                   |                      |           |            |           |          |      |                  |              |                   |              |
| AR15       |                      |                  | GND                                | GND           |             |         |            |                         |      |                   |                      |       0.0 |            |           |          |      |                  |              |                   |              |
| AR16       |                      |                  | GND                                | GND           |             |         |            |                         |      |                   |                      |       0.0 |            |           |          |      |                  |              |                   |              |
| AR17       |                      |                  | MGTYTXN2_224                       | Gigabit       |             |         |            |                         |      |                   |                      |           |            |           |          |      |                  |              |                   |              |
| AR18       |                      |                  | MGTYTXP2_224                       | Gigabit       |             |         |            |                         |      |                   |                      |           |            |           |          |      |                  |              |                   |              |
| AR19       |                      |                  | GND                                | GND           |             |         |            |                         |      |                   |                      |       0.0 |            |           |          |      |                  |              |                   |              |
| AR20       |                      |                  | GND                                | GND           |             |         |            |                         |      |                   |                      |       0.0 |            |           |          |      |                  |              |                   |              |
| AR21       |                      |                  | MGTYTXN0_224                       | Gigabit       |             |         |            |                         |      |                   |                      |           |            |           |          |      |                  |              |                   |              |
| AR22       |                      |                  | MGTYTXP0_224                       | Gigabit       |             |         |            |                         |      |                   |                      |           |            |           |          |      |                  |              |                   |              |
| AR23       |                      |                  | GND                                | GND           |             |         |            |                         |      |                   |                      |       0.0 |            |           |          |      |                  |              |                   |              |
| AR24       |                      | High Performance | IO_L2N_T0L_N3_FWE_FCS2_B_65        | User IO       |             |      65 |            |                         |      |                   |                      |           |            |           |          |      |                  |              |                   |              |
| AR25       |                      | High Performance | VCCO_65                            | VCCO          |             |      65 |            |                         |      |                   |                      | 0.00-1.80 |            |           |          |      |                  |              |                   |              |
| AR26       |                      | High Performance | IO_L11P_T1U_N8_GC_66               | GCLK          |             |      66 |            |                         |      |                   |                      |           |            |           |          |      |                  |              |                   |              |
| AR27       |                      | High Performance | IO_L11N_T1U_N9_GC_66               | GCLK          |             |      66 |            |                         |      |                   |                      |           |            |           |          |      |                  |              |                   |              |
| AR28       |                      | High Performance | IO_L8P_T1L_N2_AD5P_66              | User IO       |             |      66 |            |                         |      |                   |                      |           |            |           |          |      |                  |              |                   |              |
| AR29       |                      | High Performance | IO_L6P_T0U_N10_AD6P_66             | User IO       |             |      66 |            |                         |      |                   |                      |           |            |           |          |      |                  |              |                   |              |
| AR30       |                      |                  | GND                                | GND           |             |         |            |                         |      |                   |                      |       0.0 |            |           |          |      |                  |              |                   |              |
| AR31       |                      | High Performance | IO_L5P_T0U_N8_AD14P_66             | User IO       |             |      66 |            |                         |      |                   |                      |           |            |           |          |      |                  |              |                   |              |
| AR32       |                      | High Performance | IO_L3P_T0L_N4_AD15P_67             | User IO       |             |      67 |            |                         |      |                   |                      |           |            |           |          |      |                  |              |                   |              |
| AR33       |                      | High Performance | IO_L3N_T0L_N5_AD15N_67             | User IO       |             |      67 |            |                         |      |                   |                      |           |            |           |          |      |                  |              |                   |              |
| AR34       |                      | High Performance | IO_T0U_N12_VRP_67                  | User IO       |             |      67 |            |                         |      |                   |                      |           |            |           |          |      |                  |              |                   |              |
| AR35       |                      |                  | GND                                | GND           |             |         |            |                         |      |                   |                      |       0.0 |            |           |          |      |                  |              |                   |              |
| AR36       |                      | High Performance | IO_L6N_T0U_N11_AD6N_67             | User IO       |             |      67 |            |                         |      |                   |                      |           |            |           |          |      |                  |              |                   |              |
| AR37       |                      | High Performance | IO_L8N_T1L_N3_AD5N_67              | User IO       |             |      67 |            |                         |      |                   |                      |           |            |           |          |      |                  |              |                   |              |
| AT1        |                      |                  | GND                                | GND           |             |         |            |                         |      |                   |                      |       0.0 |            |           |          |      |                  |              |                   |              |
| AT2        |                      |                  | GND                                | GND           |             |         |            |                         |      |                   |                      |       0.0 |            |           |          |      |                  |              |                   |              |
| AT3        |                      |                  | MGTYRXN3_225                       | Gigabit       |             |         |            |                         |      |                   |                      |           |            |           |          |      |                  |              |                   |              |
| AT4        |                      |                  | MGTYRXP3_225                       | Gigabit       |             |         |            |                         |      |                   |                      |           |            |           |          |      |                  |              |                   |              |
| AT5        |                      |                  | GND                                | GND           |             |         |            |                         |      |                   |                      |       0.0 |            |           |          |      |                  |              |                   |              |
| AT6        |                      |                  | GND                                | GND           |             |         |            |                         |      |                   |                      |       0.0 |            |           |          |      |                  |              |                   |              |
| AT7        |                      |                  | MGTYRXN1_225                       | Gigabit       |             |         |            |                         |      |                   |                      |           |            |           |          |      |                  |              |                   |              |
| AT8        |                      |                  | MGTYRXP1_225                       | Gigabit       |             |         |            |                         |      |                   |                      |           |            |           |          |      |                  |              |                   |              |
| AT9        |                      |                  | GND                                | GND           |             |         |            |                         |      |                   |                      |       0.0 |            |           |          |      |                  |              |                   |              |
| AT10       |                      |                  | GND                                | GND           |             |         |            |                         |      |                   |                      |       0.0 |            |           |          |      |                  |              |                   |              |
| AT11       |                      |                  | MGTYTXN0_225                       | Gigabit       |             |         |            |                         |      |                   |                      |           |            |           |          |      |                  |              |                   |              |
| AT12       |                      |                  | MGTYTXP0_225                       | Gigabit       |             |         |            |                         |      |                   |                      |           |            |           |          |      |                  |              |                   |              |
| AT13       |                      |                  | GND                                | GND           |             |         |            |                         |      |                   |                      |       0.0 |            |           |          |      |                  |              |                   |              |
| AT14       |                      |                  | GND                                | GND           |             |         |            |                         |      |                   |                      |       0.0 |            |           |          |      |                  |              |                   |              |
| AT15       |                      |                  | MGTYRXN2_224                       | Gigabit       |             |         |            |                         |      |                   |                      |           |            |           |          |      |                  |              |                   |              |
| AT16       |                      |                  | MGTYRXP2_224                       | Gigabit       |             |         |            |                         |      |                   |                      |           |            |           |          |      |                  |              |                   |              |
| AT17       |                      |                  | GND                                | GND           |             |         |            |                         |      |                   |                      |       0.0 |            |           |          |      |                  |              |                   |              |
| AT18       |                      |                  | GND                                | GND           |             |         |            |                         |      |                   |                      |       0.0 |            |           |          |      |                  |              |                   |              |
| AT19       |                      |                  | MGTYTXN1_224                       | Gigabit       |             |         |            |                         |      |                   |                      |           |            |           |          |      |                  |              |                   |              |
| AT20       |                      |                  | MGTYTXP1_224                       | Gigabit       |             |         |            |                         |      |                   |                      |           |            |           |          |      |                  |              |                   |              |
| AT21       |                      |                  | GND                                | GND           |             |         |            |                         |      |                   |                      |       0.0 |            |           |          |      |                  |              |                   |              |
| AT22       |                      |                  | GND                                | GND           |             |         |            |                         |      |                   |                      |       0.0 |            |           |          |      |                  |              |                   |              |
| AT23       |                      |                  | GND                                | GND           |             |         |            |                         |      |                   |                      |       0.0 |            |           |          |      |                  |              |                   |              |
| AT24       |                      | High Performance | IO_L1P_T0L_N0_DBC_RS0_65           | User IO       |             |      65 |            |                         |      |                   |                      |           |            |           |          |      |                  |              |                   |              |
| AT25       |                      | High Performance | IO_L1N_T0L_N1_DBC_RS1_65           | User IO       |             |      65 |            |                         |      |                   |                      |           |            |           |          |      |                  |              |                   |              |
| AT26       |                      | High Performance | IO_L10P_T1U_N6_QBC_AD4P_66         | User IO       |             |      66 |            |                         |      |                   |                      |           |            |           |          |      |                  |              |                   |              |
| AT27       |                      |                  | GND                                | GND           |             |         |            |                         |      |                   |                      |       0.0 |            |           |          |      |                  |              |                   |              |
| AT28       |                      | High Performance | IO_L8N_T1L_N3_AD5N_66              | User IO       |             |      66 |            |                         |      |                   |                      |           |            |           |          |      |                  |              |                   |              |
| AT29       |                      | High Performance | IO_L7P_T1L_N0_QBC_AD13P_66         | User IO       |             |      66 |            |                         |      |                   |                      |           |            |           |          |      |                  |              |                   |              |
| AT30       |                      | High Performance | IO_L6N_T0U_N11_AD6N_66             | User IO       |             |      66 |            |                         |      |                   |                      |           |            |           |          |      |                  |              |                   |              |
| AT31       |                      | High Performance | IO_L5N_T0U_N9_AD14N_66             | User IO       |             |      66 |            |                         |      |                   |                      |           |            |           |          |      |                  |              |                   |              |
| AT32       |                      |                  | GND                                | GND           |             |         |            |                         |      |                   |                      |       0.0 |            |           |          |      |                  |              |                   |              |
| AT33       |                      | High Performance | IO_L2P_T0L_N2_67                   | User IO       |             |      67 |            |                         |      |                   |                      |           |            |           |          |      |                  |              |                   |              |
| AT34       |                      | High Performance | IO_L4P_T0U_N6_DBC_AD7P_67          | User IO       |             |      67 |            |                         |      |                   |                      |           |            |           |          |      |                  |              |                   |              |
| AT35       |                      | High Performance | IO_L5P_T0U_N8_AD14P_67             | User IO       |             |      67 |            |                         |      |                   |                      |           |            |           |          |      |                  |              |                   |              |
| AT36       |                      | High Performance | IO_L5N_T0U_N9_AD14N_67             | User IO       |             |      67 |            |                         |      |                   |                      |           |            |           |          |      |                  |              |                   |              |
| AT37       |                      |                  | GND                                | GND           |             |         |            |                         |      |                   |                      |       0.0 |            |           |          |      |                  |              |                   |              |
| AU2        |                      |                  | GND                                | GND           |             |         |            |                         |      |                   |                      |       0.0 |            |           |          |      |                  |              |                   |              |
| AU3        |                      |                  | GND                                | GND           |             |         |            |                         |      |                   |                      |       0.0 |            |           |          |      |                  |              |                   |              |
| AU4        |                      |                  | GND                                | GND           |             |         |            |                         |      |                   |                      |       0.0 |            |           |          |      |                  |              |                   |              |
| AU5        |                      |                  | MGTYRXN2_225                       | Gigabit       |             |         |            |                         |      |                   |                      |           |            |           |          |      |                  |              |                   |              |
| AU6        |                      |                  | MGTYRXP2_225                       | Gigabit       |             |         |            |                         |      |                   |                      |           |            |           |          |      |                  |              |                   |              |
| AU7        |                      |                  | GND                                | GND           |             |         |            |                         |      |                   |                      |       0.0 |            |           |          |      |                  |              |                   |              |
| AU8        |                      |                  | GND                                | GND           |             |         |            |                         |      |                   |                      |       0.0 |            |           |          |      |                  |              |                   |              |
| AU9        |                      |                  | MGTYRXN0_225                       | Gigabit       |             |         |            |                         |      |                   |                      |           |            |           |          |      |                  |              |                   |              |
| AU10       |                      |                  | MGTYRXP0_225                       | Gigabit       |             |         |            |                         |      |                   |                      |           |            |           |          |      |                  |              |                   |              |
| AU11       |                      |                  | GND                                | GND           |             |         |            |                         |      |                   |                      |       0.0 |            |           |          |      |                  |              |                   |              |
| AU12       |                      |                  | GND                                | GND           |             |         |            |                         |      |                   |                      |       0.0 |            |           |          |      |                  |              |                   |              |
| AU13       |                      |                  | MGTYRXN3_224                       | Gigabit       |             |         |            |                         |      |                   |                      |           |            |           |          |      |                  |              |                   |              |
| AU14       |                      |                  | MGTYRXP3_224                       | Gigabit       |             |         |            |                         |      |                   |                      |           |            |           |          |      |                  |              |                   |              |
| AU15       |                      |                  | GND                                | GND           |             |         |            |                         |      |                   |                      |       0.0 |            |           |          |      |                  |              |                   |              |
| AU16       |                      |                  | GND                                | GND           |             |         |            |                         |      |                   |                      |       0.0 |            |           |          |      |                  |              |                   |              |
| AU17       |                      |                  | MGTYRXN1_224                       | Gigabit       |             |         |            |                         |      |                   |                      |           |            |           |          |      |                  |              |                   |              |
| AU18       |                      |                  | MGTYRXP1_224                       | Gigabit       |             |         |            |                         |      |                   |                      |           |            |           |          |      |                  |              |                   |              |
| AU19       |                      |                  | GND                                | GND           |             |         |            |                         |      |                   |                      |       0.0 |            |           |          |      |                  |              |                   |              |
| AU20       |                      |                  | GND                                | GND           |             |         |            |                         |      |                   |                      |       0.0 |            |           |          |      |                  |              |                   |              |
| AU21       |                      |                  | MGTYRXN0_224                       | Gigabit       |             |         |            |                         |      |                   |                      |           |            |           |          |      |                  |              |                   |              |
| AU22       |                      |                  | MGTYRXP0_224                       | Gigabit       |             |         |            |                         |      |                   |                      |           |            |           |          |      |                  |              |                   |              |
| AU23       |                      |                  | GND                                | GND           |             |         |            |                         |      |                   |                      |       0.0 |            |           |          |      |                  |              |                   |              |
| AU24       |                      |                  | GND                                | GND           |             |         |            |                         |      |                   |                      |       0.0 |            |           |          |      |                  |              |                   |              |
| AU25       |                      | High Performance | IO_T1U_N12_66                      | User IO       |             |      66 |            |                         |      |                   |                      |           |            |           |          |      |                  |              |                   |              |
| AU26       |                      | High Performance | IO_L10N_T1U_N7_QBC_AD4N_66         | User IO       |             |      66 |            |                         |      |                   |                      |           |            |           |          |      |                  |              |                   |              |
| AU27       |                      | High Performance | IO_L9P_T1L_N4_AD12P_66             | User IO       |             |      66 |            |                         |      |                   |                      |           |            |           |          |      |                  |              |                   |              |
| AU28       |                      | High Performance | IO_L9N_T1L_N5_AD12N_66             | User IO       |             |      66 |            |                         |      |                   |                      |           |            |           |          |      |                  |              |                   |              |
| AU29       |                      |                  | GND                                | GND           |             |         |            |                         |      |                   |                      |       0.0 |            |           |          |      |                  |              |                   |              |
| AU30       |                      | High Performance | IO_L7N_T1L_N1_QBC_AD13N_66         | User IO       |             |      66 |            |                         |      |                   |                      |           |            |           |          |      |                  |              |                   |              |
| AU31       |                      | High Performance | IO_L1P_T0L_N0_DBC_67               | User IO       |             |      67 |            |                         |      |                   |                      |           |            |           |          |      |                  |              |                   |              |
| AU32       |                      | High Performance | IO_L1N_T0L_N1_DBC_67               | User IO       |             |      67 |            |                         |      |                   |                      |           |            |           |          |      |                  |              |                   |              |
| AU33       |                      | High Performance | IO_L2N_T0L_N3_67                   | User IO       |             |      67 |            |                         |      |                   |                      |           |            |           |          |      |                  |              |                   |              |
| AU34       |                      |                  | GND                                | GND           |             |         |            |                         |      |                   |                      |       0.0 |            |           |          |      |                  |              |                   |              |
| AU35       |                      | High Performance | IO_L4N_T0U_N7_DBC_AD7N_67          | User IO       |             |      67 |            |                         |      |                   |                      |           |            |           |          |      |                  |              |                   |              |
| AU36       |                      |                  | GND                                | GND           |             |         |            |                         |      |                   |                      |       0.0 |            |           |          |      |                  |              |                   |              |
| B1         |                      |                  | GND                                | GND           |             |         |            |                         |      |                   |                      |       0.0 |            |           |          |      |                  |              |                   |              |
| B2         |                      |                  | GND                                | GND           |             |         |            |                         |      |                   |                      |       0.0 |            |           |          |      |                  |              |                   |              |
| B3         |                      |                  | MGTYTXN1_232                       | Gigabit       |             |         |            |                         |      |                   |                      |           |            |           |          |      |                  |              |                   |              |
| B4         |                      |                  | MGTYTXP1_232                       | Gigabit       |             |         |            |                         |      |                   |                      |           |            |           |          |      |                  |              |                   |              |
| B5         |                      |                  | GND                                | GND           |             |         |            |                         |      |                   |                      |       0.0 |            |           |          |      |                  |              |                   |              |
| B6         |                      |                  | GND                                | GND           |             |         |            |                         |      |                   |                      |       0.0 |            |           |          |      |                  |              |                   |              |
| B7         |                      |                  | GND                                | GND           |             |         |            |                         |      |                   |                      |       0.0 |            |           |          |      |                  |              |                   |              |
| B8         |                      |                  | GND                                | GND           |             |         |            |                         |      |                   |                      |       0.0 |            |           |          |      |                  |              |                   |              |
| B9         |                      |                  | GND                                | GND           |             |         |            |                         |      |                   |                      |       0.0 |            |           |          |      |                  |              |                   |              |
| B10        |                      |                  | GND                                | GND           |             |         |            |                         |      |                   |                      |       0.0 |            |           |          |      |                  |              |                   |              |
| B11        |                      |                  | GND                                | GND           |             |         |            |                         |      |                   |                      |       0.0 |            |           |          |      |                  |              |                   |              |
| B12        |                      |                  | GND                                | GND           |             |         |            |                         |      |                   |                      |       0.0 |            |           |          |      |                  |              |                   |              |
| B13        |                      |                  | GND                                | GND           |             |         |            |                         |      |                   |                      |       0.0 |            |           |          |      |                  |              |                   |              |
| B14        |                      |                  | GND                                | GND           |             |         |            |                         |      |                   |                      |       0.0 |            |           |          |      |                  |              |                   |              |
| B15        |                      |                  | GND                                | GND           |             |         |            |                         |      |                   |                      |       0.0 |            |           |          |      |                  |              |                   |              |
| B16        |                      |                  | GND                                | GND           |             |         |            |                         |      |                   |                      |       0.0 |            |           |          |      |                  |              |                   |              |
| B17        |                      |                  | GND                                | GND           |             |         |            |                         |      |                   |                      |       0.0 |            |           |          |      |                  |              |                   |              |
| B18        |                      |                  | GND                                | GND           |             |         |            |                         |      |                   |                      |       0.0 |            |           |          |      |                  |              |                   |              |
| B19        |                      |                  | GND                                | GND           |             |         |            |                         |      |                   |                      |       0.0 |            |           |          |      |                  |              |                   |              |
| B20        | tx_mac_mii_d_0[14]   | High Performance | IO_L17P_T2U_N8_AD10P_74            | OUTPUT        | LVCMOS18*   |      74 |         12 |                         | SLOW |                   |            FP_VTT_50 |           | UNFIXED    |           |          |      | NONE             |              |                   |              |
| B21        | tx_mac_mii_d_0[12]   | High Performance | IO_L18P_T2U_N10_AD2P_74            | OUTPUT        | LVCMOS18*   |      74 |         12 |                         | SLOW |                   |            FP_VTT_50 |           | UNFIXED    |           |          |      | NONE             |              |                   |              |
| B22        | tx_mac_mii_d_0[4]    | High Performance | IO_L22P_T3U_N6_DBC_AD0P_74         | OUTPUT        | LVCMOS18*   |      74 |         12 |                         | SLOW |                   |            FP_VTT_50 |           | UNFIXED    |           |          |      | NONE             |              |                   |              |
| B23        | tx_mac_mii_d_0[5]    | High Performance | IO_L22N_T3U_N7_DBC_AD0N_74         | OUTPUT        | LVCMOS18*   |      74 |         12 |                         | SLOW |                   |            FP_VTT_50 |           | UNFIXED    |           |          |      | NONE             |              |                   |              |
| B24        |                      |                  | GND                                | GND           |             |         |            |                         |      |                   |                      |       0.0 |            |           |          |      |                  |              |                   |              |
| B25        | tx_mac_mii_d_0[0]    | High Performance | IO_L24P_T3U_N10_74                 | OUTPUT        | LVCMOS18*   |      74 |         12 |                         | SLOW |                   |            FP_VTT_50 |           | UNFIXED    |           |          |      | NONE             |              |                   |              |
| B26        | rx_mac_mii_d_0[0]    | High Performance | IO_L24P_T3U_N10_73                 | INPUT         | LVCMOS18*   |      73 |            |                         |      |                   |                 NONE |           | UNFIXED    |           |          |      | NONE             |              |                   |              |
| B27        | rx_mac_mii_d_0[4]    | High Performance | IO_L22P_T3U_N6_DBC_AD0P_73         | INPUT         | LVCMOS18*   |      73 |            |                         |      |                   |                 NONE |           | UNFIXED    |           |          |      | NONE             |              |                   |              |
| B28        | rx_mac_mii_d_0[5]    | High Performance | IO_L22N_T3U_N7_DBC_AD0N_73         | INPUT         | LVCMOS18*   |      73 |            |                         |      |                   |                 NONE |           | UNFIXED    |           |          |      | NONE             |              |                   |              |
| B29        |                      |                  | GND                                | GND           |             |         |            |                         |      |                   |                      |       0.0 |            |           |          |      |                  |              |                   |              |
| B30        | rx_mac_mii_d_0[15]   | High Performance | IO_L17N_T2U_N9_AD10N_73            | INPUT         | LVCMOS18*   |      73 |            |                         |      |                   |                 NONE |           | UNFIXED    |           |          |      | NONE             |              |                   |              |
| B31        |                      | High Performance | IO_T2U_N12_73                      | User IO       |             |      73 |            |                         |      |                   |                      |           |            |           |          |      |                  |              |                   |              |
| B32        | rx_mac_mii_d_0[17]   | High Performance | IO_L16N_T2U_N7_QBC_AD3N_73         | INPUT         | LVCMOS18*   |      73 |            |                         |      |                   |                 NONE |           | UNFIXED    |           |          |      | NONE             |              |                   |              |
| B33        |                      | High Performance | IO_L24P_T3U_N10_72                 | User IO       |             |      72 |            |                         |      |                   |                      |           |            |           |          |      |                  |              |                   |              |
| B34        |                      |                  | GND                                | GND           |             |         |            |                         |      |                   |                      |       0.0 |            |           |          |      |                  |              |                   |              |
| B35        |                      | High Performance | IO_L22P_T3U_N6_DBC_AD0P_72         | User IO       |             |      72 |            |                         |      |                   |                      |           |            |           |          |      |                  |              |                   |              |
| B36        |                      | High Performance | IO_L22N_T3U_N7_DBC_AD0N_72         | User IO       |             |      72 |            |                         |      |                   |                      |           |            |           |          |      |                  |              |                   |              |
| B37        |                      |                  | GND                                | GND           |             |         |            |                         |      |                   |                      |       0.0 |            |           |          |      |                  |              |                   |              |
| C1         |                      |                  | MGTYRXN1_232                       | Gigabit       |             |         |            |                         |      |                   |                      |           |            |           |          |      |                  |              |                   |              |
| C2         |                      |                  | MGTYRXP1_232                       | Gigabit       |             |         |            |                         |      |                   |                      |           |            |           |          |      |                  |              |                   |              |
| C3         |                      |                  | GND                                | GND           |             |         |            |                         |      |                   |                      |       0.0 |            |           |          |      |                  |              |                   |              |
| C4         |                      |                  | GND                                | GND           |             |         |            |                         |      |                   |                      |       0.0 |            |           |          |      |                  |              |                   |              |
| C5         |                      |                  | MGTYTXN0_232                       | Gigabit       |             |         |            |                         |      |                   |                      |           |            |           |          |      |                  |              |                   |              |
| C6         |                      |                  | MGTYTXP0_232                       | Gigabit       |             |         |            |                         |      |                   |                      |           |            |           |          |      |                  |              |                   |              |
| C7         |                      |                  | GND                                | GND           |             |         |            |                         |      |                   |                      |       0.0 |            |           |          |      |                  |              |                   |              |
| C8         |                      |                  | MGTMTXN0_233                       | Gigabit       |             |         |            |                         |      |                   |                      |           |            |           |          |      |                  |              |                   |              |
| C9         |                      |                  | MGTMTXP0_233                       | Gigabit       |             |         |            |                         |      |                   |                      |           |            |           |          |      |                  |              |                   |              |
| C10        |                      |                  | GND                                | GND           |             |         |            |                         |      |                   |                      |       0.0 |            |           |          |      |                  |              |                   |              |
| C11        |                      |                  | MGTMTXN1_233                       | Gigabit       |             |         |            |                         |      |                   |                      |           |            |           |          |      |                  |              |                   |              |
| C12        |                      |                  | MGTMTXP1_233                       | Gigabit       |             |         |            |                         |      |                   |                      |           |            |           |          |      |                  |              |                   |              |
| C13        |                      |                  | GND                                | GND           |             |         |            |                         |      |                   |                      |       0.0 |            |           |          |      |                  |              |                   |              |
| C14        |                      |                  | MGTMTXN0_234                       | Gigabit       |             |         |            |                         |      |                   |                      |           |            |           |          |      |                  |              |                   |              |
| C15        |                      |                  | MGTMTXP0_234                       | Gigabit       |             |         |            |                         |      |                   |                      |           |            |           |          |      |                  |              |                   |              |
| C16        |                      |                  | GND                                | GND           |             |         |            |                         |      |                   |                      |       0.0 |            |           |          |      |                  |              |                   |              |
| C17        |                      |                  | MGTMTXN1_234                       | Gigabit       |             |         |            |                         |      |                   |                      |           |            |           |          |      |                  |              |                   |              |
| C18        |                      |                  | MGTMTXP1_234                       | Gigabit       |             |         |            |                         |      |                   |                      |           |            |           |          |      |                  |              |                   |              |
| C19        |                      |                  | GND                                | GND           |             |         |            |                         |      |                   |                      |       0.0 |            |           |          |      |                  |              |                   |              |
| C20        | tx_mac_mii_d_0[20]   | High Performance | IO_L14N_T2L_N3_GC_74               | OUTPUT        | LVCMOS18*   |      74 |         12 |                         | SLOW |                   |            FP_VTT_50 |           | UNFIXED    |           |          |      | NONE             |              |                   |              |
| C21        |                      | High Performance | VCCO_72                            | VCCO          |             |      72 |            |                         |      |                   |                      | 0.00-1.80 |            |           |          |      |                  |              |                   |              |
| C22        | tx_mac_mii_d_0[9]    | High Performance | IO_L20N_T3L_N3_AD1N_74             | OUTPUT        | LVCMOS18*   |      74 |         12 |                         | SLOW |                   |            FP_VTT_50 |           | UNFIXED    |           |          |      | NONE             |              |                   |              |
| C23        | restart_tx_rx_0      | High Performance | IO_T3U_N12_74                      | INPUT         | LVCMOS18    |      74 |            |                         |      |                   |                 NONE |           | UNFIXED    |           |          |      | NONE             |              |                   |              |
| C24        | tx_mac_mii_d_0[7]    | High Performance | IO_L21N_T3L_N5_AD8N_74             | OUTPUT        | LVCMOS18*   |      74 |         12 |                         | SLOW |                   |            FP_VTT_50 |           | UNFIXED    |           |          |      | NONE             |              |                   |              |
| C25        | rx_mac_mii_d_0[7]    | High Performance | IO_L21N_T3L_N5_AD8N_73             | INPUT         | LVCMOS18*   |      73 |            |                         |      |                   |                 NONE |           | UNFIXED    |           |          |      | NONE             |              |                   |              |
| C26        |                      |                  | GND                                | GND           |             |         |            |                         |      |                   |                      |       0.0 |            |           |          |      |                  |              |                   |              |
| C27        |                      | High Performance | IO_T3U_N12_73                      | User IO       |             |      73 |            |                         |      |                   |                      |           |            |           |          |      |                  |              |                   |              |
| C28        | rx_mac_mii_d_0[10]   | High Performance | IO_L19P_T3L_N0_DBC_AD9P_73         | INPUT         | LVCMOS18*   |      73 |            |                         |      |                   |                 NONE |           | UNFIXED    |           |          |      | NONE             |              |                   |              |
| C29        | rx_mac_mii_d_0[11]   | High Performance | IO_L19N_T3L_N1_DBC_AD9N_73         | INPUT         | LVCMOS18*   |      73 |            |                         |      |                   |                 NONE |           | UNFIXED    |           |          |      | NONE             |              |                   |              |
| C30        | rx_mac_mii_d_0[14]   | High Performance | IO_L17P_T2U_N8_AD10P_73            | INPUT         | LVCMOS18*   |      73 |            |                         |      |                   |                 NONE |           | UNFIXED    |           |          |      | NONE             |              |                   |              |
| C31        |                      | High Performance | VCCO_72                            | VCCO          |             |      72 |            |                         |      |                   |                      | 0.00-1.80 |            |           |          |      |                  |              |                   |              |
| C32        | rx_mac_mii_d_0[16]   | High Performance | IO_L16P_T2U_N6_QBC_AD3P_73         | INPUT         | LVCMOS18*   |      73 |            |                         |      |                   |                 NONE |           | UNFIXED    |           |          |      | NONE             |              |                   |              |
| C33        |                      | High Performance | IO_T3U_N12_72                      | User IO       |             |      72 |            |                         |      |                   |                      |           |            |           |          |      |                  |              |                   |              |
| C34        |                      | High Performance | IO_L21P_T3L_N4_AD8P_72             | User IO       |             |      72 |            |                         |      |                   |                      |           |            |           |          |      |                  |              |                   |              |
| C35        |                      | High Performance | IO_L21N_T3L_N5_AD8N_72             | User IO       |             |      72 |            |                         |      |                   |                      |           |            |           |          |      |                  |              |                   |              |
| C36        |                      |                  | GND                                | GND           |             |         |            |                         |      |                   |                      |       0.0 |            |           |          |      |                  |              |                   |              |
| C37        |                      | High Performance | IO_L20N_T3L_N3_AD1N_72             | User IO       |             |      72 |            |                         |      |                   |                      |           |            |           |          |      |                  |              |                   |              |
| D1         |                      |                  | GND                                | GND           |             |         |            |                         |      |                   |                      |       0.0 |            |           |          |      |                  |              |                   |              |
| D2         |                      |                  | GND                                | GND           |             |         |            |                         |      |                   |                      |       0.0 |            |           |          |      |                  |              |                   |              |
| D3         |                      |                  | MGTYRXN0_232                       | Gigabit       |             |         |            |                         |      |                   |                      |           |            |           |          |      |                  |              |                   |              |
| D4         |                      |                  | MGTYRXP0_232                       | Gigabit       |             |         |            |                         |      |                   |                      |           |            |           |          |      |                  |              |                   |              |
| D5         |                      |                  | GND                                | GND           |             |         |            |                         |      |                   |                      |       0.0 |            |           |          |      |                  |              |                   |              |
| D6         |                      |                  | GND                                | GND           |             |         |            |                         |      |                   |                      |       0.0 |            |           |          |      |                  |              |                   |              |
| D7         |                      |                  | GND                                | GND           |             |         |            |                         |      |                   |                      |       0.0 |            |           |          |      |                  |              |                   |              |
| D8         |                      |                  | GND                                | GND           |             |         |            |                         |      |                   |                      |       0.0 |            |           |          |      |                  |              |                   |              |
| D9         |                      |                  | GND                                | GND           |             |         |            |                         |      |                   |                      |       0.0 |            |           |          |      |                  |              |                   |              |
| D10        |                      |                  | GND                                | GND           |             |         |            |                         |      |                   |                      |       0.0 |            |           |          |      |                  |              |                   |              |
| D11        |                      |                  | GND                                | GND           |             |         |            |                         |      |                   |                      |       0.0 |            |           |          |      |                  |              |                   |              |
| D12        |                      |                  | GND                                | GND           |             |         |            |                         |      |                   |                      |       0.0 |            |           |          |      |                  |              |                   |              |
| D13        |                      |                  | GND                                | GND           |             |         |            |                         |      |                   |                      |       0.0 |            |           |          |      |                  |              |                   |              |
| D14        |                      |                  | GND                                | GND           |             |         |            |                         |      |                   |                      |       0.0 |            |           |          |      |                  |              |                   |              |
| D15        |                      |                  | GND                                | GND           |             |         |            |                         |      |                   |                      |       0.0 |            |           |          |      |                  |              |                   |              |
| D16        |                      |                  | GND                                | GND           |             |         |            |                         |      |                   |                      |       0.0 |            |           |          |      |                  |              |                   |              |
| D17        |                      |                  | GND                                | GND           |             |         |            |                         |      |                   |                      |       0.0 |            |           |          |      |                  |              |                   |              |
| D18        |                      |                  | GND                                | GND           |             |         |            |                         |      |                   |                      |       0.0 |            |           |          |      |                  |              |                   |              |
| D19        |                      |                  | GND                                | GND           |             |         |            |                         |      |                   |                      |       0.0 |            |           |          |      |                  |              |                   |              |
| D20        | tx_mac_mii_clk_0     | High Performance | IO_L14P_T2L_N2_GC_74               | INPUT         | LVCMOS18*   |      74 |            |                         |      |                   |                 NONE |           | UNFIXED    |           |          |      | NONE             |              |                   |              |
| D21        | sys_reset            | High Performance | IO_T2U_N12_74                      | INPUT         | LVCMOS18    |      74 |            |                         |      |                   |                 NONE |           | UNFIXED    |           |          |      | NONE             |              |                   |              |
| D22        | tx_mac_mii_d_0[8]    | High Performance | IO_L20P_T3L_N2_AD1P_74             | OUTPUT        | LVCMOS18*   |      74 |         12 |                         | SLOW |                   |            FP_VTT_50 |           | UNFIXED    |           |          |      | NONE             |              |                   |              |
| D23        |                      | High Performance | VCCO_72                            | VCCO          |             |      72 |            |                         |      |                   |                      | 0.00-1.80 |            |           |          |      |                  |              |                   |              |
| D24        | tx_mac_mii_d_0[6]    | High Performance | IO_L21P_T3L_N4_AD8P_74             | OUTPUT        | LVCMOS18*   |      74 |         12 |                         | SLOW |                   |            FP_VTT_50 |           | UNFIXED    |           |          |      | NONE             |              |                   |              |
| D25        | rx_mac_mii_d_0[6]    | High Performance | IO_L21P_T3L_N4_AD8P_73             | INPUT         | LVCMOS18*   |      73 |            |                         |      |                   |                 NONE |           | UNFIXED    |           |          |      | NONE             |              |                   |              |
| D26        | rx_mac_mii_d_0[8]    | High Performance | IO_L20P_T3L_N2_AD1P_73             | INPUT         | LVCMOS18*   |      73 |            |                         |      |                   |                 NONE |           | UNFIXED    |           |          |      | NONE             |              |                   |              |
| D27        | rx_mac_mii_d_0[9]    | High Performance | IO_L20N_T3L_N3_AD1N_73             | INPUT         | LVCMOS18*   |      73 |            |                         |      |                   |                 NONE |           | UNFIXED    |           |          |      | NONE             |              |                   |              |
| D28        |                      | High Performance | VCCO_72                            | VCCO          |             |      72 |            |                         |      |                   |                      | 0.00-1.80 |            |           |          |      |                  |              |                   |              |
| D29        | rx_mac_mii_d_0[19]   | High Performance | IO_L15N_T2L_N5_AD11N_73            | INPUT         | LVCMOS18*   |      73 |            |                         |      |                   |                 NONE |           | UNFIXED    |           |          |      | NONE             |              |                   |              |
| D30        | rx_mac_mii_d_0[20]   | High Performance | IO_L14P_T2L_N2_GC_73               | INPUT         | LVCMOS18*   |      73 |            |                         |      |                   |                 NONE |           | UNFIXED    |           |          |      | NONE             |              |                   |              |
| D31        | rx_mac_mii_d_0[21]   | High Performance | IO_L14N_T2L_N3_GC_73               | INPUT         | LVCMOS18*   |      73 |            |                         |      |                   |                 NONE |           | UNFIXED    |           |          |      | NONE             |              |                   |              |
| D32        | rx_mac_mii_d_0[22]   | High Performance | IO_L13N_T2L_N1_GC_QBC_73           | INPUT         | LVCMOS18*   |      73 |            |                         |      |                   |                 NONE |           | UNFIXED    |           |          |      | NONE             |              |                   |              |
| D33        |                      |                  | GND                                | GND           |             |         |            |                         |      |                   |                      |       0.0 |            |           |          |      |                  |              |                   |              |
| D34        |                      | High Performance | IO_L18N_T2U_N11_AD2N_72            | User IO       |             |      72 |            |                         |      |                   |                      |           |            |           |          |      |                  |              |                   |              |
| D35        |                      | High Performance | IO_L19P_T3L_N0_DBC_AD9P_72         | User IO       |             |      72 |            |                         |      |                   |                      |           |            |           |          |      |                  |              |                   |              |
| D36        |                      | High Performance | IO_L19N_T3L_N1_DBC_AD9N_72         | User IO       |             |      72 |            |                         |      |                   |                      |           |            |           |          |      |                  |              |                   |              |
| D37        |                      | High Performance | IO_L20P_T3L_N2_AD1P_72             | User IO       |             |      72 |            |                         |      |                   |                      |           |            |           |          |      |                  |              |                   |              |
| E1         |                      |                  | MGTYRXN3_231                       | Gigabit       |             |         |            |                         |      |                   |                      |           |            |           |          |      |                  |              |                   |              |
| E2         |                      |                  | MGTYRXP3_231                       | Gigabit       |             |         |            |                         |      |                   |                      |           |            |           |          |      |                  |              |                   |              |
| E3         |                      |                  | GND                                | GND           |             |         |            |                         |      |                   |                      |       0.0 |            |           |          |      |                  |              |                   |              |
| E4         |                      |                  | GND                                | GND           |             |         |            |                         |      |                   |                      |       0.0 |            |           |          |      |                  |              |                   |              |
| E5         |                      |                  | GND                                | GND           |             |         |            |                         |      |                   |                      |       0.0 |            |           |          |      |                  |              |                   |              |
| E6         |                      |                  | GND                                | GND           |             |         |            |                         |      |                   |                      |       0.0 |            |           |          |      |                  |              |                   |              |
| E7         |                      |                  | MGTAVTT_RN                         | Gigabit Power |             |         |            |                         |      |                   |                      |           |            |           |          |      |                  |              |                   |              |
| E8         |                      |                  | MGTAVTT_RN                         | Gigabit Power |             |         |            |                         |      |                   |                      |           |            |           |          |      |                  |              |                   |              |
| E9         |                      |                  | MGTAVTT_RN                         | Gigabit Power |             |         |            |                         |      |                   |                      |           |            |           |          |      |                  |              |                   |              |
| E10        |                      |                  | GND                                | GND           |             |         |            |                         |      |                   |                      |       0.0 |            |           |          |      |                  |              |                   |              |
| E11        |                      |                  | MGTAVCC_RN                         | Gigabit Power |             |         |            |                         |      |                   |                      |           |            |           |          |      |                  |              |                   |              |
| E12        |                      |                  | MGTAVCC_RN                         | Gigabit Power |             |         |            |                         |      |                   |                      |           |            |           |          |      |                  |              |                   |              |
| E13        |                      |                  | MGTAVTTRCAL_RN                     | Gigabit       |             |         |            |                         |      |                   |                      |           |            |           |          |      |                  |              |                   |              |
| E14        |                      |                  | MGTRREF_RN                         | Gigabit       |             |         |            |                         |      |                   |                      |           |            |           |          |      |                  |              |                   |              |
| E15        |                      |                  | GND                                | GND           |             |         |            |                         |      |                   |                      |       0.0 |            |           |          |      |                  |              |                   |              |
| E16        | completion_status[4] | High Performance | IO_L5N_T0U_N9_AD14N_74             | OUTPUT        | LVCMOS18    |      74 |         12 |                         | SLOW |                   |            FP_VTT_50 |           | UNFIXED    |           |          |      | NONE             |              |                   |              |
| E17        |                      | High Performance | IO_T0U_N12_VRP_74                  | User IO       |             |      74 |            |                         |      |                   |                      |           |            |           |          |      |                  |              |                   |              |
| E18        | dclk                 | High Performance | IO_L13P_T2L_N0_GC_QBC_74           | INPUT         | LVCMOS18*   |      74 |            |                         |      |                   |                 NONE |           | UNFIXED    |           |          |      | NONE             |              |                   |              |
| E19        | tx_mac_mii_d_0[21]   | High Performance | IO_L13N_T2L_N1_GC_QBC_74           | OUTPUT        | LVCMOS18*   |      74 |         12 |                         | SLOW |                   |            FP_VTT_50 |           | UNFIXED    |           |          |      | NONE             |              |                   |              |
| E20        |                      | High Performance | VCCO_72                            | VCCO          |             |      72 |            |                         |      |                   |                      | 0.00-1.80 |            |           |          |      |                  |              |                   |              |
| E21        | tx_mac_mii_d_0[18]   | High Performance | IO_L15P_T2L_N4_AD11P_74            | OUTPUT        | LVCMOS18*   |      74 |         12 |                         | SLOW |                   |            FP_VTT_50 |           | UNFIXED    |           |          |      | NONE             |              |                   |              |
| E22        | tx_mac_mii_d_0[19]   | High Performance | IO_L15N_T2L_N5_AD11N_74            | OUTPUT        | LVCMOS18*   |      74 |         12 |                         | SLOW |                   |            FP_VTT_50 |           | UNFIXED    |           |          |      | NONE             |              |                   |              |
| E23        | tx_mac_mii_d_0[10]   | High Performance | IO_L19P_T3L_N0_DBC_AD9P_74         | OUTPUT        | LVCMOS18*   |      74 |         12 |                         | SLOW |                   |            FP_VTT_50 |           | UNFIXED    |           |          |      | NONE             |              |                   |              |
| E24        | tx_mac_mii_d_0[11]   | High Performance | IO_L19N_T3L_N1_DBC_AD9N_74         | OUTPUT        | LVCMOS18*   |      74 |         12 |                         | SLOW |                   |            FP_VTT_50 |           | UNFIXED    |           |          |      | NONE             |              |                   |              |
| E25        |                      | High Performance | VCCO_72                            | VCCO          |             |      72 |            |                         |      |                   |                      | 0.00-1.80 |            |           |          |      |                  |              |                   |              |
| E26        |                      | High Performance | IO_L5P_T0U_N8_AD14P_73             | User IO       |             |      73 |            |                         |      |                   |                      |           |            |           |          |      |                  |              |                   |              |
| E27        |                      | High Performance | IO_L5N_T0U_N9_AD14N_73             | User IO       |             |      73 |            |                         |      |                   |                      |           |            |           |          |      |                  |              |                   |              |
| E28        |                      | High Performance | IO_L6N_T0U_N11_AD6N_73             | User IO       |             |      73 |            |                         |      |                   |                      |           |            |           |          |      |                  |              |                   |              |
| E29        | rx_mac_mii_d_0[18]   | High Performance | IO_L15P_T2L_N4_AD11P_73            | INPUT         | LVCMOS18*   |      73 |            |                         |      |                   |                 NONE |           | UNFIXED    |           |          |      | NONE             |              |                   |              |
| E30        |                      |                  | GND                                | GND           |             |         |            |                         |      |                   |                      |       0.0 |            |           |          |      |                  |              |                   |              |
| E31        | rx_mac_mii_d_0[24]   | High Performance | IO_L12N_T1U_N11_GC_73              | INPUT         | LVCMOS18*   |      73 |            |                         |      |                   |                 NONE |           | UNFIXED    |           |          |      | NONE             |              |                   |              |
| E32        | rx_mac_mii_clk_0     | High Performance | IO_L13P_T2L_N0_GC_QBC_73           | INPUT         | LVCMOS18*   |      73 |            |                         |      |                   |                 NONE |           | UNFIXED    |           |          |      | NONE             |              |                   |              |
| E33        | rx_mac_mii_d_0[30]   | High Performance | IO_L9N_T1L_N5_AD12N_73             | INPUT         | LVCMOS18*   |      73 |            |                         |      |                   |                 NONE |           | UNFIXED    |           |          |      | NONE             |              |                   |              |
| E34        |                      | High Performance | IO_L18P_T2U_N10_AD2P_72            | User IO       |             |      72 |            |                         |      |                   |                      |           |            |           |          |      |                  |              |                   |              |
| E35        |                      |                  | GND                                | GND           |             |         |            |                         |      |                   |                      |       0.0 |            |           |          |      |                  |              |                   |              |
| E36        |                      | High Performance | IO_L17P_T2U_N8_AD10P_72            | User IO       |             |      72 |            |                         |      |                   |                      |           |            |           |          |      |                  |              |                   |              |
| E37        |                      | High Performance | IO_L17N_T2U_N9_AD10N_72            | User IO       |             |      72 |            |                         |      |                   |                      |           |            |           |          |      |                  |              |                   |              |
| F1         |                      |                  | GND                                | GND           |             |         |            |                         |      |                   |                      |       0.0 |            |           |          |      |                  |              |                   |              |
| F2         |                      |                  | GND                                | GND           |             |         |            |                         |      |                   |                      |       0.0 |            |           |          |      |                  |              |                   |              |
| F3         |                      |                  | GND                                | GND           |             |         |            |                         |      |                   |                      |       0.0 |            |           |          |      |                  |              |                   |              |
| F4         |                      |                  | MGTYTXN3_231                       | Gigabit       |             |         |            |                         |      |                   |                      |           |            |           |          |      |                  |              |                   |              |
| F5         |                      |                  | MGTYTXP3_231                       | Gigabit       |             |         |            |                         |      |                   |                      |           |            |           |          |      |                  |              |                   |              |
| F6         |                      |                  | GND                                | GND           |             |         |            |                         |      |                   |                      |       0.0 |            |           |          |      |                  |              |                   |              |
| F7         |                      |                  | GND                                | GND           |             |         |            |                         |      |                   |                      |       0.0 |            |           |          |      |                  |              |                   |              |
| F8         |                      |                  | GND                                | GND           |             |         |            |                         |      |                   |                      |       0.0 |            |           |          |      |                  |              |                   |              |
| F9         |                      |                  | GND                                | GND           |             |         |            |                         |      |                   |                      |       0.0 |            |           |          |      |                  |              |                   |              |
| F10        |                      |                  | GND                                | GND           |             |         |            |                         |      |                   |                      |       0.0 |            |           |          |      |                  |              |                   |              |
| F11        |                      |                  | GND                                | GND           |             |         |            |                         |      |                   |                      |       0.0 |            |           |          |      |                  |              |                   |              |
| F12        |                      |                  | GND                                | GND           |             |         |            |                         |      |                   |                      |       0.0 |            |           |          |      |                  |              |                   |              |
| F13        |                      |                  | GND                                | GND           |             |         |            |                         |      |                   |                      |       0.0 |            |           |          |      |                  |              |                   |              |
| F14        |                      |                  | GND                                | GND           |             |         |            |                         |      |                   |                      |       0.0 |            |           |          |      |                  |              |                   |              |
| F15        |                      |                  | GND                                | GND           |             |         |            |                         |      |                   |                      |       0.0 |            |           |          |      |                  |              |                   |              |
| F16        | completion_status[3] | High Performance | IO_L5P_T0U_N8_AD14P_74             | OUTPUT        | LVCMOS18    |      74 |         12 |                         | SLOW |                   |            FP_VTT_50 |           | UNFIXED    |           |          |      | NONE             |              |                   |              |
| F17        |                      |                  | GND                                | GND           |             |         |            |                         |      |                   |                      |       0.0 |            |           |          |      |                  |              |                   |              |
| F18        | completion_status[2] | High Performance | IO_L6N_T0U_N11_AD6N_74             | OUTPUT        | LVCMOS18    |      74 |         12 |                         | SLOW |                   |            FP_VTT_50 |           | UNFIXED    |           |          |      | NONE             |              |                   |              |
| F19        | clk                  | High Performance | IO_L12P_T1U_N10_GC_74              | INPUT         | LVCMOS18*   |      74 |            |                         |      |                   |                 NONE |           | UNFIXED    |           |          |      | NONE             |              |                   |              |
| F20        | tx_mac_mii_d_0[22]   | High Performance | IO_L12N_T1U_N11_GC_74              | OUTPUT        | LVCMOS18*   |      74 |         12 |                         | SLOW |                   |            FP_VTT_50 |           | UNFIXED    |           |          |      | NONE             |              |                   |              |
| F21        | tx_mac_mii_d_0[24]   | High Performance | IO_L11N_T1U_N9_GC_74               | OUTPUT        | LVCMOS18*   |      74 |         12 |                         | SLOW |                   |            FP_VTT_50 |           | UNFIXED    |           |          |      | NONE             |              |                   |              |
| F22        |                      |                  | GND                                | GND           |             |         |            |                         |      |                   |                      |       0.0 |            |           |          |      |                  |              |                   |              |
| F23        | tx_mac_mii_d_0[27]   | High Performance | IO_L9P_T1L_N4_AD12P_74             | OUTPUT        | LVCMOS18*   |      74 |         12 |                         | SLOW |                   |            FP_VTT_50 |           | UNFIXED    |           |          |      | NONE             |              |                   |              |
| F24        | tx_mac_mii_d_0[28]   | High Performance | IO_L9N_T1L_N5_AD12N_74             | OUTPUT        | LVCMOS18*   |      74 |         12 |                         | SLOW |                   |            FP_VTT_50 |           | UNFIXED    |           |          |      | NONE             |              |                   |              |
| F25        |                      | High Performance | IO_T0U_N12_VRP_73                  | User IO       |             |      73 |            |                         |      |                   |                      |           |            |           |          |      |                  |              |                   |              |
| F26        |                      | High Performance | IO_L2N_T0L_N3_73                   | User IO       |             |      73 |            |                         |      |                   |                      |           |            |           |          |      |                  |              |                   |              |
| F27        |                      |                  | GND                                | GND           |             |         |            |                         |      |                   |                      |       0.0 |            |           |          |      |                  |              |                   |              |
| F28        |                      | High Performance | IO_L6P_T0U_N10_AD6P_73             | User IO       |             |      73 |            |                         |      |                   |                      |           |            |           |          |      |                  |              |                   |              |
| F29        | rx_mac_mii_d_0[25]   | High Performance | IO_L11P_T1U_N8_GC_73               | INPUT         | LVCMOS18*   |      73 |            |                         |      |                   |                 NONE |           | UNFIXED    |           |          |      | NONE             |              |                   |              |
| F30        | rx_mac_mii_d_0[26]   | High Performance | IO_L11N_T1U_N9_GC_73               | INPUT         | LVCMOS18*   |      73 |            |                         |      |                   |                 NONE |           | UNFIXED    |           |          |      | NONE             |              |                   |              |
| F31        | rx_mac_mii_d_0[23]   | High Performance | IO_L12P_T1U_N10_GC_73              | INPUT         | LVCMOS18*   |      73 |            |                         |      |                   |                 NONE |           | UNFIXED    |           |          |      | NONE             |              |                   |              |
| F32        |                      |                  | GND                                | GND           |             |         |            |                         |      |                   |                      |       0.0 |            |           |          |      |                  |              |                   |              |
| F33        | rx_mac_mii_d_0[29]   | High Performance | IO_L9P_T1L_N4_AD12P_73             | INPUT         | LVCMOS18*   |      73 |            |                         |      |                   |                 NONE |           | UNFIXED    |           |          |      | NONE             |              |                   |              |
| F34        |                      | High Performance | IO_L16P_T2U_N6_QBC_AD3P_72         | User IO       |             |      72 |            |                         |      |                   |                      |           |            |           |          |      |                  |              |                   |              |
| F35        |                      | High Performance | IO_L16N_T2U_N7_QBC_AD3N_72         | User IO       |             |      72 |            |                         |      |                   |                      |           |            |           |          |      |                  |              |                   |              |
| F36        |                      | High Performance | IO_T2U_N12_72                      | User IO       |             |      72 |            |                         |      |                   |                      |           |            |           |          |      |                  |              |                   |              |
| F37        |                      |                  | GND                                | GND           |             |         |            |                         |      |                   |                      |       0.0 |            |           |          |      |                  |              |                   |              |
| G1         |                      |                  | MGTYRXN2_231                       | Gigabit       |             |         |            |                         |      |                   |                      |           |            |           |          |      |                  |              |                   |              |
| G2         |                      |                  | MGTYRXP2_231                       | Gigabit       |             |         |            |                         |      |                   |                      |           |            |           |          |      |                  |              |                   |              |
| G3         |                      |                  | GND                                | GND           |             |         |            |                         |      |                   |                      |       0.0 |            |           |          |      |                  |              |                   |              |
| G4         |                      |                  | GND                                | GND           |             |         |            |                         |      |                   |                      |       0.0 |            |           |          |      |                  |              |                   |              |
| G5         |                      |                  | GND                                | GND           |             |         |            |                         |      |                   |                      |       0.0 |            |           |          |      |                  |              |                   |              |
| G6         |                      |                  | MGTYTXN2_231                       | Gigabit       |             |         |            |                         |      |                   |                      |           |            |           |          |      |                  |              |                   |              |
| G7         |                      |                  | MGTYTXP2_231                       | Gigabit       |             |         |            |                         |      |                   |                      |           |            |           |          |      |                  |              |                   |              |
| G8         |                      |                  | GND                                | GND           |             |         |            |                         |      |                   |                      |       0.0 |            |           |          |      |                  |              |                   |              |
| G9         |                      |                  | MGTREFCLKN_234                     | Gigabit       |             |         |            |                         |      |                   |                      |           |            |           |          |      |                  |              |                   |              |
| G10        |                      |                  | MGTREFCLKP_234                     | Gigabit       |             |         |            |                         |      |                   |                      |           |            |           |          |      |                  |              |                   |              |
| G11        |                      |                  | GND                                | GND           |             |         |            |                         |      |                   |                      |       0.0 |            |           |          |      |                  |              |                   |              |
| G12        |                      |                  | GND                                | GND           |             |         |            |                         |      |                   |                      |       0.0 |            |           |          |      |                  |              |                   |              |
| G13        |                      |                  | VCCINT_GT_R                        | VCCINT        |             |         |            |                         |      |                   |                      |           |            |           |          |      |                  |              |                   |              |
| G14        | rx_mac_mii_c_0[3]    | High Performance | IO_L1N_T0L_N1_DBC_74               | INPUT         | LVCMOS18*   |      74 |            |                         |      |                   |                 NONE |           | UNFIXED    |           |          |      | NONE             |              |                   |              |
| G15        | rx_mac_mii_c_0[1]    | High Performance | IO_L2N_T0L_N3_74                   | INPUT         | LVCMOS18*   |      74 |            |                         |      |                   |                 NONE |           | UNFIXED    |           |          |      | NONE             |              |                   |              |
| G16        | tx_mac_mii_c_0[2]    | High Performance | IO_L3P_T0L_N4_AD15P_74             | OUTPUT        | LVCMOS18*   |      74 |         12 |                         | SLOW |                   |            FP_VTT_50 |           | UNFIXED    |           |          |      | NONE             |              |                   |              |
| G17        | tx_mac_mii_c_0[3]    | High Performance | IO_L3N_T0L_N5_AD15N_74             | OUTPUT        | LVCMOS18*   |      74 |         12 |                         | SLOW |                   |            FP_VTT_50 |           | UNFIXED    |           |          |      | NONE             |              |                   |              |
| G18        | completion_status[1] | High Performance | IO_L6P_T0U_N10_AD6P_74             | OUTPUT        | LVCMOS18    |      74 |         12 |                         | SLOW |                   |            FP_VTT_50 |           | UNFIXED    |           |          |      | NONE             |              |                   |              |
| G19        |                      |                  | GND                                | GND           |             |         |            |                         |      |                   |                      |       0.0 |            |           |          |      |                  |              |                   |              |
| G20        |                      | High Performance | VREF_74                            | Voltage       |             |      74 |            |                         |      |                   |                      |           |            |           |          |      |                  |              |                   |              |
| G21        | tx_mac_mii_d_0[23]   | High Performance | IO_L11P_T1U_N8_GC_74               | OUTPUT        | LVCMOS18*   |      74 |         12 |                         | SLOW |                   |            FP_VTT_50 |           | UNFIXED    |           |          |      | NONE             |              |                   |              |
| G22        |                      | High Performance | IO_T1U_N12_74                      | User IO       |             |      74 |            |                         |      |                   |                      |           |            |           |          |      |                  |              |                   |              |
| G23        | completion_status[0] | High Performance | IO_L7N_T1L_N1_QBC_AD13N_74         | OUTPUT        | LVCMOS18    |      74 |         12 |                         | SLOW |                   |            FP_VTT_50 |           | UNFIXED    |           |          |      | NONE             |              |                   |              |
| G24        |                      |                  | GND                                | GND           |             |         |            |                         |      |                   |                      |       0.0 |            |           |          |      |                  |              |                   |              |
| G25        |                      | High Performance | IO_L1N_T0L_N1_DBC_73               | User IO       |             |      73 |            |                         |      |                   |                      |           |            |           |          |      |                  |              |                   |              |
| G26        |                      | High Performance | IO_L2P_T0L_N2_73                   | User IO       |             |      73 |            |                         |      |                   |                      |           |            |           |          |      |                  |              |                   |              |
| G27        |                      | High Performance | IO_L3N_T0L_N5_AD15N_73             | User IO       |             |      73 |            |                         |      |                   |                      |           |            |           |          |      |                  |              |                   |              |
| G28        |                      | High Performance | IO_L4N_T0U_N7_DBC_AD7N_73          | User IO       |             |      73 |            |                         |      |                   |                      |           |            |           |          |      |                  |              |                   |              |
| G29        |                      |                  | GND                                | GND           |             |         |            |                         |      |                   |                      |       0.0 |            |           |          |      |                  |              |                   |              |
| G30        | rx_mac_mii_d_0[27]   | High Performance | IO_L10P_T1U_N6_QBC_AD4P_73         | INPUT         | LVCMOS18*   |      73 |            |                         |      |                   |                 NONE |           | UNFIXED    |           |          |      | NONE             |              |                   |              |
| G31        | rx_mac_mii_d_0[28]   | High Performance | IO_L10N_T1U_N7_QBC_AD4N_73         | INPUT         | LVCMOS18*   |      73 |            |                         |      |                   |                 NONE |           | UNFIXED    |           |          |      | NONE             |              |                   |              |
| G32        |                      | High Performance | IO_L7N_T1L_N1_QBC_AD13N_73         | User IO       |             |      73 |            |                         |      |                   |                      |           |            |           |          |      |                  |              |                   |              |
| G33        |                      | High Performance | IO_L8N_T1L_N3_AD5N_73              | User IO       |             |      73 |            |                         |      |                   |                      |           |            |           |          |      |                  |              |                   |              |
| G34        |                      | High Performance | VCCO_72                            | VCCO          |             |      72 |            |                         |      |                   |                      | 0.00-1.80 |            |           |          |      |                  |              |                   |              |
| G35        |                      | High Performance | IO_L14P_T2L_N2_GC_72               | GCLK          |             |      72 |            |                         |      |                   |                      |           |            |           |          |      |                  |              |                   |              |
| G36        |                      | High Performance | IO_L14N_T2L_N3_GC_72               | GCLK          |             |      72 |            |                         |      |                   |                      |           |            |           |          |      |                  |              |                   |              |
| G37        |                      | High Performance | IO_L15N_T2L_N5_AD11N_72            | User IO       |             |      72 |            |                         |      |                   |                      |           |            |           |          |      |                  |              |                   |              |
| H1         |                      |                  | GND                                | GND           |             |         |            |                         |      |                   |                      |       0.0 |            |           |          |      |                  |              |                   |              |
| H2         |                      |                  | GND                                | GND           |             |         |            |                         |      |                   |                      |       0.0 |            |           |          |      |                  |              |                   |              |
| H3         |                      |                  | GND                                | GND           |             |         |            |                         |      |                   |                      |       0.0 |            |           |          |      |                  |              |                   |              |
| H4         |                      |                  | MGTYTXN1_231                       | Gigabit       |             |         |            |                         |      |                   |                      |           |            |           |          |      |                  |              |                   |              |
| H5         |                      |                  | MGTYTXP1_231                       | Gigabit       |             |         |            |                         |      |                   |                      |           |            |           |          |      |                  |              |                   |              |
| H6         |                      |                  | GND                                | GND           |             |         |            |                         |      |                   |                      |       0.0 |            |           |          |      |                  |              |                   |              |
| H7         |                      |                  | GND                                | GND           |             |         |            |                         |      |                   |                      |       0.0 |            |           |          |      |                  |              |                   |              |
| H8         |                      |                  | GND                                | GND           |             |         |            |                         |      |                   |                      |       0.0 |            |           |          |      |                  |              |                   |              |
| H9         |                      |                  | GND                                | GND           |             |         |            |                         |      |                   |                      |       0.0 |            |           |          |      |                  |              |                   |              |
| H10        |                      |                  | MGTVCCAUX_RN                       | Gigabit Power |             |         |            |                         |      |                   |                      |           |            |           |          |      |                  |              |                   |              |
| H11        |                      |                  | GND                                | GND           |             |         |            |                         |      |                   |                      |       0.0 |            |           |          |      |                  |              |                   |              |
| H12        |                      |                  | VCCINT_GT_R                        | VCCINT        |             |         |            |                         |      |                   |                      |           |            |           |          |      |                  |              |                   |              |
| H13        |                      |                  | GND                                | GND           |             |         |            |                         |      |                   |                      |       0.0 |            |           |          |      |                  |              |                   |              |
| H14        | rx_mac_mii_c_0[2]    | High Performance | IO_L1P_T0L_N0_DBC_74               | INPUT         | LVCMOS18*   |      74 |            |                         |      |                   |                 NONE |           | UNFIXED    |           |          |      | NONE             |              |                   |              |
| H15        | rx_mac_mii_c_0[0]    | High Performance | IO_L2P_T0L_N2_74                   | INPUT         | LVCMOS18*   |      74 |            |                         |      |                   |                 NONE |           | UNFIXED    |           |          |      | NONE             |              |                   |              |
| H16        |                      |                  | GND                                | GND           |             |         |            |                         |      |                   |                      |       0.0 |            |           |          |      |                  |              |                   |              |
| H17        | tx_mac_mii_c_0[0]    | High Performance | IO_L4P_T0U_N6_DBC_AD7P_74          | OUTPUT        | LVCMOS18*   |      74 |         12 |                         | SLOW |                   |            FP_VTT_50 |           | UNFIXED    |           |          |      | NONE             |              |                   |              |
| H18        | tx_mac_mii_c_0[1]    | High Performance | IO_L4N_T0U_N7_DBC_AD7N_74          | OUTPUT        | LVCMOS18*   |      74 |         12 |                         | SLOW |                   |            FP_VTT_50 |           | UNFIXED    |           |          |      | NONE             |              |                   |              |
| H19        | tx_mac_mii_d_0[25]   | High Performance | IO_L10P_T1U_N6_QBC_AD4P_74         | OUTPUT        | LVCMOS18*   |      74 |         12 |                         | SLOW |                   |            FP_VTT_50 |           | UNFIXED    |           |          |      | NONE             |              |                   |              |
| H20        | tx_mac_mii_d_0[26]   | High Performance | IO_L10N_T1U_N7_QBC_AD4N_74         | OUTPUT        | LVCMOS18*   |      74 |         12 |                         | SLOW |                   |            FP_VTT_50 |           | UNFIXED    |           |          |      | NONE             |              |                   |              |
| H21        |                      |                  | GND                                | GND           |             |         |            |                         |      |                   |                      |       0.0 |            |           |          |      |                  |              |                   |              |
| H22        | tx_mac_mii_d_0[31]   | High Performance | IO_L7P_T1L_N0_QBC_AD13P_74         | OUTPUT        | LVCMOS18*   |      74 |         12 |                         | SLOW |                   |            FP_VTT_50 |           | UNFIXED    |           |          |      | NONE             |              |                   |              |
| H23        | tx_mac_mii_d_0[29]   | High Performance | IO_L8P_T1L_N2_AD5P_74              | OUTPUT        | LVCMOS18*   |      74 |         12 |                         | SLOW |                   |            FP_VTT_50 |           | UNFIXED    |           |          |      | NONE             |              |                   |              |
| H24        | tx_mac_mii_d_0[30]   | High Performance | IO_L8N_T1L_N3_AD5N_74              | OUTPUT        | LVCMOS18*   |      74 |         12 |                         | SLOW |                   |            FP_VTT_50 |           | UNFIXED    |           |          |      | NONE             |              |                   |              |
| H25        |                      | High Performance | IO_L1P_T0L_N0_DBC_73               | User IO       |             |      73 |            |                         |      |                   |                      |           |            |           |          |      |                  |              |                   |              |
| H26        |                      |                  | GND                                | GND           |             |         |            |                         |      |                   |                      |       0.0 |            |           |          |      |                  |              |                   |              |
| H27        |                      | High Performance | IO_L3P_T0L_N4_AD15P_73             | User IO       |             |      73 |            |                         |      |                   |                      |           |            |           |          |      |                  |              |                   |              |
| H28        |                      | High Performance | IO_L4P_T0U_N6_DBC_AD7P_73          | User IO       |             |      73 |            |                         |      |                   |                      |           |            |           |          |      |                  |              |                   |              |
| H29        |                      | High Performance | IO_T1U_N12_73                      | User IO       |             |      73 |            |                         |      |                   |                      |           |            |           |          |      |                  |              |                   |              |
| H30        |                      | High Performance | VREF_73                            | Voltage       |             |      73 |            |                         |      |                   |                      |           |            |           |          |      |                  |              |                   |              |
| H31        |                      |                  | GND                                | GND           |             |         |            |                         |      |                   |                      |       0.0 |            |           |          |      |                  |              |                   |              |
| H32        |                      | High Performance | IO_L7P_T1L_N0_QBC_AD13P_73         | User IO       |             |      73 |            |                         |      |                   |                      |           |            |           |          |      |                  |              |                   |              |
| H33        | rx_mac_mii_d_0[31]   | High Performance | IO_L8P_T1L_N2_AD5P_73              | INPUT         | LVCMOS18*   |      73 |            |                         |      |                   |                 NONE |           | UNFIXED    |           |          |      | NONE             |              |                   |              |
| H34        |                      | High Performance | IO_L13P_T2L_N0_GC_QBC_72           | GCLK          |             |      72 |            |                         |      |                   |                      |           |            |           |          |      |                  |              |                   |              |
| H35        |                      | High Performance | IO_L13N_T2L_N1_GC_QBC_72           | GCLK          |             |      72 |            |                         |      |                   |                      |           |            |           |          |      |                  |              |                   |              |
| H36        |                      |                  | GND                                | GND           |             |         |            |                         |      |                   |                      |       0.0 |            |           |          |      |                  |              |                   |              |
| H37        |                      | High Performance | IO_L15P_T2L_N4_AD11P_72            | User IO       |             |      72 |            |                         |      |                   |                      |           |            |           |          |      |                  |              |                   |              |
| J1         |                      |                  | MGTYRXN1_231                       | Gigabit       |             |         |            |                         |      |                   |                      |           |            |           |          |      |                  |              |                   |              |
| J2         |                      |                  | MGTYRXP1_231                       | Gigabit       |             |         |            |                         |      |                   |                      |           |            |           |          |      |                  |              |                   |              |
| J3         |                      |                  | GND                                | GND           |             |         |            |                         |      |                   |                      |       0.0 |            |           |          |      |                  |              |                   |              |
| J4         |                      |                  | GND                                | GND           |             |         |            |                         |      |                   |                      |       0.0 |            |           |          |      |                  |              |                   |              |
| J5         |                      |                  | GND                                | GND           |             |         |            |                         |      |                   |                      |       0.0 |            |           |          |      |                  |              |                   |              |
| J6         |                      |                  | MGTYTXN0_231                       | Gigabit       |             |         |            |                         |      |                   |                      |           |            |           |          |      |                  |              |                   |              |
| J7         |                      |                  | MGTYTXP0_231                       | Gigabit       |             |         |            |                         |      |                   |                      |           |            |           |          |      |                  |              |                   |              |
| J8         |                      |                  | GND                                | GND           |             |         |            |                         |      |                   |                      |       0.0 |            |           |          |      |                  |              |                   |              |
| J9         |                      |                  | MGTREFCLKN_233                     | Gigabit       |             |         |            |                         |      |                   |                      |           |            |           |          |      |                  |              |                   |              |
| J10        |                      |                  | MGTREFCLKP_233                     | Gigabit       |             |         |            |                         |      |                   |                      |           |            |           |          |      |                  |              |                   |              |
| J11        |                      |                  | GND                                | GND           |             |         |            |                         |      |                   |                      |       0.0 |            |           |          |      |                  |              |                   |              |
| J12        |                      |                  | GND                                | GND           |             |         |            |                         |      |                   |                      |       0.0 |            |           |          |      |                  |              |                   |              |
| J13        |                      |                  | VCCINT                             | VCCINT        |             |         |            |                         |      |                   |                      |           |            |           |          |      |                  |              |                   |              |
| J14        |                      |                  | GND                                | GND           |             |         |            |                         |      |                   |                      |       0.0 |            |           |          |      |                  |              |                   |              |
| J15        |                      |                  | VCCINT                             | VCCINT        |             |         |            |                         |      |                   |                      |           |            |           |          |      |                  |              |                   |              |
| J16        |                      |                  | GND                                | GND           |             |         |            |                         |      |                   |                      |       0.0 |            |           |          |      |                  |              |                   |              |
| J17        |                      |                  | VCCINT                             | VCCINT        |             |         |            |                         |      |                   |                      |           |            |           |          |      |                  |              |                   |              |
| J18        |                      |                  | GND                                | GND           |             |         |            |                         |      |                   |                      |       0.0 |            |           |          |      |                  |              |                   |              |
| J19        |                      |                  | VCCINT                             | VCCINT        |             |         |            |                         |      |                   |                      |           |            |           |          |      |                  |              |                   |              |
| J20        |                      |                  | GND                                | GND           |             |         |            |                         |      |                   |                      |       0.0 |            |           |          |      |                  |              |                   |              |
| J21        |                      |                  | VCCINT                             | VCCINT        |             |         |            |                         |      |                   |                      |           |            |           |          |      |                  |              |                   |              |
| J22        |                      |                  | GND                                | GND           |             |         |            |                         |      |                   |                      |       0.0 |            |           |          |      |                  |              |                   |              |
| J23        |                      |                  | VCCINT                             | VCCINT        |             |         |            |                         |      |                   |                      |           |            |           |          |      |                  |              |                   |              |
| J24        |                      |                  | GND                                | GND           |             |         |            |                         |      |                   |                      |       0.0 |            |           |          |      |                  |              |                   |              |
| J25        |                      |                  | VCCINT                             | VCCINT        |             |         |            |                         |      |                   |                      |           |            |           |          |      |                  |              |                   |              |
| J26        |                      |                  | GND                                | GND           |             |         |            |                         |      |                   |                      |       0.0 |            |           |          |      |                  |              |                   |              |
| J27        |                      |                  | VCCINT                             | VCCINT        |             |         |            |                         |      |                   |                      |           |            |           |          |      |                  |              |                   |              |
| J28        |                      |                  | GND                                | GND           |             |         |            |                         |      |                   |                      |       0.0 |            |           |          |      |                  |              |                   |              |
| J29        |                      | High Performance | IO_L4N_T0U_N7_DBC_AD7N_72          | User IO       |             |      72 |            |                         |      |                   |                      |           |            |           |          |      |                  |              |                   |              |
| J30        |                      | High Performance | IO_L5P_T0U_N8_AD14P_72             | User IO       |             |      72 |            |                         |      |                   |                      |           |            |           |          |      |                  |              |                   |              |
| J31        |                      | High Performance | IO_L5N_T0U_N9_AD14N_72             | User IO       |             |      72 |            |                         |      |                   |                      |           |            |           |          |      |                  |              |                   |              |
| J32        |                      | High Performance | IO_L6N_T0U_N11_AD6N_72             | User IO       |             |      72 |            |                         |      |                   |                      |           |            |           |          |      |                  |              |                   |              |
| J33        |                      | High Performance | VCCO_72                            | VCCO          |             |      72 |            |                         |      |                   |                      | 0.00-1.80 |            |           |          |      |                  |              |                   |              |
| J34        |                      | High Performance | IO_L12N_T1U_N11_GC_72              | GCLK          |             |      72 |            |                         |      |                   |                      |           |            |           |          |      |                  |              |                   |              |
| J35        |                      | High Performance | IO_L11P_T1U_N8_GC_72               | GCLK          |             |      72 |            |                         |      |                   |                      |           |            |           |          |      |                  |              |                   |              |
| J36        |                      | High Performance | IO_L11N_T1U_N9_GC_72               | GCLK          |             |      72 |            |                         |      |                   |                      |           |            |           |          |      |                  |              |                   |              |
| J37        |                      | High Performance | IO_L9N_T1L_N5_AD12N_72             | User IO       |             |      72 |            |                         |      |                   |                      |           |            |           |          |      |                  |              |                   |              |
| K1         |                      |                  | GND                                | GND           |             |         |            |                         |      |                   |                      |       0.0 |            |           |          |      |                  |              |                   |              |
| K2         |                      |                  | GND                                | GND           |             |         |            |                         |      |                   |                      |       0.0 |            |           |          |      |                  |              |                   |              |
| K3         |                      |                  | MGTYRXN0_231                       | Gigabit       |             |         |            |                         |      |                   |                      |           |            |           |          |      |                  |              |                   |              |
| K4         |                      |                  | MGTYRXP0_231                       | Gigabit       |             |         |            |                         |      |                   |                      |           |            |           |          |      |                  |              |                   |              |
| K5         |                      |                  | GND                                | GND           |             |         |            |                         |      |                   |                      |       0.0 |            |           |          |      |                  |              |                   |              |
| K6         |                      |                  | GND                                | GND           |             |         |            |                         |      |                   |                      |       0.0 |            |           |          |      |                  |              |                   |              |
| K7         |                      |                  | GND                                | GND           |             |         |            |                         |      |                   |                      |       0.0 |            |           |          |      |                  |              |                   |              |
| K8         |                      |                  | GND                                | GND           |             |         |            |                         |      |                   |                      |       0.0 |            |           |          |      |                  |              |                   |              |
| K9         |                      |                  | GND                                | GND           |             |         |            |                         |      |                   |                      |       0.0 |            |           |          |      |                  |              |                   |              |
| K10        |                      |                  | MGTVCCAUX_RN                       | Gigabit Power |             |         |            |                         |      |                   |                      |           |            |           |          |      |                  |              |                   |              |
| K11        |                      |                  | GND                                | GND           |             |         |            |                         |      |                   |                      |       0.0 |            |           |          |      |                  |              |                   |              |
| K12        |                      |                  | VCCINT                             | VCCINT        |             |         |            |                         |      |                   |                      |           |            |           |          |      |                  |              |                   |              |
| K13        |                      |                  | GND                                | GND           |             |         |            |                         |      |                   |                      |       0.0 |            |           |          |      |                  |              |                   |              |
| K14        |                      |                  | VCCINT                             | VCCINT        |             |         |            |                         |      |                   |                      |           |            |           |          |      |                  |              |                   |              |
| K15        |                      |                  | GND                                | GND           |             |         |            |                         |      |                   |                      |       0.0 |            |           |          |      |                  |              |                   |              |
| K16        |                      |                  | VCCINT                             | VCCINT        |             |         |            |                         |      |                   |                      |           |            |           |          |      |                  |              |                   |              |
| K17        |                      |                  | GND                                | GND           |             |         |            |                         |      |                   |                      |       0.0 |            |           |          |      |                  |              |                   |              |
| K18        |                      |                  | VCCINT                             | VCCINT        |             |         |            |                         |      |                   |                      |           |            |           |          |      |                  |              |                   |              |
| K19        |                      |                  | GND                                | GND           |             |         |            |                         |      |                   |                      |       0.0 |            |           |          |      |                  |              |                   |              |
| K20        |                      |                  | VCCINT                             | VCCINT        |             |         |            |                         |      |                   |                      |           |            |           |          |      |                  |              |                   |              |
| K21        |                      |                  | GND                                | GND           |             |         |            |                         |      |                   |                      |       0.0 |            |           |          |      |                  |              |                   |              |
| K22        |                      |                  | VCCINT                             | VCCINT        |             |         |            |                         |      |                   |                      |           |            |           |          |      |                  |              |                   |              |
| K23        |                      |                  | GND                                | GND           |             |         |            |                         |      |                   |                      |       0.0 |            |           |          |      |                  |              |                   |              |
| K24        |                      |                  | VCCINT                             | VCCINT        |             |         |            |                         |      |                   |                      |           |            |           |          |      |                  |              |                   |              |
| K25        |                      |                  | GND                                | GND           |             |         |            |                         |      |                   |                      |       0.0 |            |           |          |      |                  |              |                   |              |
| K26        |                      |                  | VCCINT                             | VCCINT        |             |         |            |                         |      |                   |                      |           |            |           |          |      |                  |              |                   |              |
| K27        |                      |                  | GND                                | GND           |             |         |            |                         |      |                   |                      |       0.0 |            |           |          |      |                  |              |                   |              |
| K28        |                      |                  | VCCINT                             | VCCINT        |             |         |            |                         |      |                   |                      |           |            |           |          |      |                  |              |                   |              |
| K29        |                      | High Performance | IO_L4P_T0U_N6_DBC_AD7P_72          | User IO       |             |      72 |            |                         |      |                   |                      |           |            |           |          |      |                  |              |                   |              |
| K30        |                      |                  | GND                                | GND           |             |         |            |                         |      |                   |                      |       0.0 |            |           |          |      |                  |              |                   |              |
| K31        |                      | High Performance | VREF_72                            | Voltage       |             |      72 |            |                         |      |                   |                      |           |            |           |          |      |                  |              |                   |              |
| K32        |                      | High Performance | IO_L6P_T0U_N10_AD6P_72             | User IO       |             |      72 |            |                         |      |                   |                      |           |            |           |          |      |                  |              |                   |              |
| K33        |                      | High Performance | IO_L3N_T0L_N5_AD15N_72             | User IO       |             |      72 |            |                         |      |                   |                      |           |            |           |          |      |                  |              |                   |              |
| K34        |                      | High Performance | IO_L12P_T1U_N10_GC_72              | GCLK          |             |      72 |            |                         |      |                   |                      |           |            |           |          |      |                  |              |                   |              |
| K35        |                      |                  | GND                                | GND           |             |         |            |                         |      |                   |                      |       0.0 |            |           |          |      |                  |              |                   |              |
| K36        |                      | High Performance | IO_T1U_N12_72                      | User IO       |             |      72 |            |                         |      |                   |                      |           |            |           |          |      |                  |              |                   |              |
| K37        |                      | High Performance | IO_L9P_T1L_N4_AD12P_72             | User IO       |             |      72 |            |                         |      |                   |                      |           |            |           |          |      |                  |              |                   |              |
| L1         |                      |                  | MGTYRXN3_230                       | Gigabit       |             |         |            |                         |      |                   |                      |           |            |           |          |      |                  |              |                   |              |
| L2         |                      |                  | MGTYRXP3_230                       | Gigabit       |             |         |            |                         |      |                   |                      |           |            |           |          |      |                  |              |                   |              |
| L3         |                      |                  | GND                                | GND           |             |         |            |                         |      |                   |                      |       0.0 |            |           |          |      |                  |              |                   |              |
| L4         |                      |                  | GND                                | GND           |             |         |            |                         |      |                   |                      |       0.0 |            |           |          |      |                  |              |                   |              |
| L5         |                      |                  | GND                                | GND           |             |         |            |                         |      |                   |                      |       0.0 |            |           |          |      |                  |              |                   |              |
| L6         |                      |                  | MGTYTXN3_230                       | Gigabit       |             |         |            |                         |      |                   |                      |           |            |           |          |      |                  |              |                   |              |
| L7         |                      |                  | MGTYTXP3_230                       | Gigabit       |             |         |            |                         |      |                   |                      |           |            |           |          |      |                  |              |                   |              |
| L8         |                      |                  | GND                                | GND           |             |         |            |                         |      |                   |                      |       0.0 |            |           |          |      |                  |              |                   |              |
| L9         |                      |                  | GND                                | GND           |             |         |            |                         |      |                   |                      |       0.0 |            |           |          |      |                  |              |                   |              |
| L10        |                      |                  | GND                                | GND           |             |         |            |                         |      |                   |                      |       0.0 |            |           |          |      |                  |              |                   |              |
| L11        |                      |                  | GND                                | GND           |             |         |            |                         |      |                   |                      |       0.0 |            |           |          |      |                  |              |                   |              |
| L12        |                      |                  | GND                                | GND           |             |         |            |                         |      |                   |                      |       0.0 |            |           |          |      |                  |              |                   |              |
| L13        |                      |                  | VCCINT                             | VCCINT        |             |         |            |                         |      |                   |                      |           |            |           |          |      |                  |              |                   |              |
| L14        |                      |                  | GND                                | GND           |             |         |            |                         |      |                   |                      |       0.0 |            |           |          |      |                  |              |                   |              |
| L15        |                      |                  | VCCINT                             | VCCINT        |             |         |            |                         |      |                   |                      |           |            |           |          |      |                  |              |                   |              |
| L16        |                      |                  | GND                                | GND           |             |         |            |                         |      |                   |                      |       0.0 |            |           |          |      |                  |              |                   |              |
| L17        |                      |                  | VCCINT                             | VCCINT        |             |         |            |                         |      |                   |                      |           |            |           |          |      |                  |              |                   |              |
| L18        |                      |                  | GND                                | GND           |             |         |            |                         |      |                   |                      |       0.0 |            |           |          |      |                  |              |                   |              |
| L19        |                      |                  | VCCINT                             | VCCINT        |             |         |            |                         |      |                   |                      |           |            |           |          |      |                  |              |                   |              |
| L20        |                      |                  | GND                                | GND           |             |         |            |                         |      |                   |                      |       0.0 |            |           |          |      |                  |              |                   |              |
| L21        |                      |                  | VCCINT                             | VCCINT        |             |         |            |                         |      |                   |                      |           |            |           |          |      |                  |              |                   |              |
| L22        |                      |                  | GND                                | GND           |             |         |            |                         |      |                   |                      |       0.0 |            |           |          |      |                  |              |                   |              |
| L23        |                      |                  | VCCINT                             | VCCINT        |             |         |            |                         |      |                   |                      |           |            |           |          |      |                  |              |                   |              |
| L24        |                      |                  | GND                                | GND           |             |         |            |                         |      |                   |                      |       0.0 |            |           |          |      |                  |              |                   |              |
| L25        |                      |                  | VCCINT                             | VCCINT        |             |         |            |                         |      |                   |                      |           |            |           |          |      |                  |              |                   |              |
| L26        |                      |                  | GND                                | GND           |             |         |            |                         |      |                   |                      |       0.0 |            |           |          |      |                  |              |                   |              |
| L27        |                      |                  | VCCINT                             | VCCINT        |             |         |            |                         |      |                   |                      |           |            |           |          |      |                  |              |                   |              |
| L28        |                      |                  | GND                                | GND           |             |         |            |                         |      |                   |                      |       0.0 |            |           |          |      |                  |              |                   |              |
| L29        |                      | High Performance | IO_L1P_T0L_N0_DBC_72               | User IO       |             |      72 |            |                         |      |                   |                      |           |            |           |          |      |                  |              |                   |              |
| L30        |                      | High Performance | IO_L1N_T0L_N1_DBC_72               | User IO       |             |      72 |            |                         |      |                   |                      |           |            |           |          |      |                  |              |                   |              |
| L31        |                      | High Performance | IO_T0U_N12_VRP_72                  | User IO       |             |      72 |            |                         |      |                   |                      |           |            |           |          |      |                  |              |                   |              |
| L32        |                      | High Performance | VCCO_72                            | VCCO          |             |      72 |            |                         |      |                   |                      | 0.00-1.80 |            |           |          |      |                  |              |                   |              |
| L33        |                      | High Performance | IO_L3P_T0L_N4_AD15P_72             | User IO       |             |      72 |            |                         |      |                   |                      |           |            |           |          |      |                  |              |                   |              |
| L34        |                      | High Performance | IO_L10P_T1U_N6_QBC_AD4P_72         | User IO       |             |      72 |            |                         |      |                   |                      |           |            |           |          |      |                  |              |                   |              |
| L35        |                      | High Performance | IO_L10N_T1U_N7_QBC_AD4N_72         | User IO       |             |      72 |            |                         |      |                   |                      |           |            |           |          |      |                  |              |                   |              |
| L36        |                      | High Performance | IO_L7N_T1L_N1_QBC_AD13N_72         | User IO       |             |      72 |            |                         |      |                   |                      |           |            |           |          |      |                  |              |                   |              |
| L37        |                      |                  | GND                                | GND           |             |         |            |                         |      |                   |                      |       0.0 |            |           |          |      |                  |              |                   |              |
| M1         |                      |                  | GND                                | GND           |             |         |            |                         |      |                   |                      |       0.0 |            |           |          |      |                  |              |                   |              |
| M2         |                      |                  | GND                                | GND           |             |         |            |                         |      |                   |                      |       0.0 |            |           |          |      |                  |              |                   |              |
| M3         |                      |                  | GND                                | GND           |             |         |            |                         |      |                   |                      |       0.0 |            |           |          |      |                  |              |                   |              |
| M4         |                      |                  | MGTYTXN2_230                       | Gigabit       |             |         |            |                         |      |                   |                      |           |            |           |          |      |                  |              |                   |              |
| M5         |                      |                  | MGTYTXP2_230                       | Gigabit       |             |         |            |                         |      |                   |                      |           |            |           |          |      |                  |              |                   |              |
| M6         |                      |                  | GND                                | GND           |             |         |            |                         |      |                   |                      |       0.0 |            |           |          |      |                  |              |                   |              |
| M7         |                      |                  | MGTAVTT_RC                         | Unknown       |             |         |            |                         |      |                   |                      |           |            |           |          |      |                  |              |                   |              |
| M8         |                      |                  | MGTREFCLK0N_232                    | Gigabit       |             |         |            |                         |      |                   |                      |           |            |           |          |      |                  |              |                   |              |
| M9         |                      |                  | MGTREFCLK0P_232                    | Gigabit       |             |         |            |                         |      |                   |                      |           |            |           |          |      |                  |              |                   |              |
| M10        |                      |                  | GND                                | GND           |             |         |            |                         |      |                   |                      |       0.0 |            |           |          |      |                  |              |                   |              |
| M11        |                      |                  | GND                                | GND           |             |         |            |                         |      |                   |                      |       0.0 |            |           |          |      |                  |              |                   |              |
| M12        |                      |                  | GND                                | GND           |             |         |            |                         |      |                   |                      |       0.0 |            |           |          |      |                  |              |                   |              |
| M13        |                      |                  | GND                                | GND           |             |         |            |                         |      |                   |                      |       0.0 |            |           |          |      |                  |              |                   |              |
| M14        |                      |                  | VCCINT                             | VCCINT        |             |         |            |                         |      |                   |                      |           |            |           |          |      |                  |              |                   |              |
| M15        |                      |                  | GND                                | GND           |             |         |            |                         |      |                   |                      |       0.0 |            |           |          |      |                  |              |                   |              |
| M16        |                      |                  | VCCINT                             | VCCINT        |             |         |            |                         |      |                   |                      |           |            |           |          |      |                  |              |                   |              |
| M17        |                      |                  | GND                                | GND           |             |         |            |                         |      |                   |                      |       0.0 |            |           |          |      |                  |              |                   |              |
| M18        |                      |                  | VCCINT                             | VCCINT        |             |         |            |                         |      |                   |                      |           |            |           |          |      |                  |              |                   |              |
| M19        |                      |                  | GND                                | GND           |             |         |            |                         |      |                   |                      |       0.0 |            |           |          |      |                  |              |                   |              |
| M20        |                      |                  | VCCINT                             | VCCINT        |             |         |            |                         |      |                   |                      |           |            |           |          |      |                  |              |                   |              |
| M21        |                      |                  | GND                                | GND           |             |         |            |                         |      |                   |                      |       0.0 |            |           |          |      |                  |              |                   |              |
| M22        |                      |                  | VCCINT                             | VCCINT        |             |         |            |                         |      |                   |                      |           |            |           |          |      |                  |              |                   |              |
| M23        |                      |                  | GND                                | GND           |             |         |            |                         |      |                   |                      |       0.0 |            |           |          |      |                  |              |                   |              |
| M24        |                      |                  | VCCINT                             | VCCINT        |             |         |            |                         |      |                   |                      |           |            |           |          |      |                  |              |                   |              |
| M25        |                      |                  | GND                                | GND           |             |         |            |                         |      |                   |                      |       0.0 |            |           |          |      |                  |              |                   |              |
| M26        |                      |                  | VCCINT                             | VCCINT        |             |         |            |                         |      |                   |                      |           |            |           |          |      |                  |              |                   |              |
| M27        |                      |                  | GND                                | GND           |             |         |            |                         |      |                   |                      |       0.0 |            |           |          |      |                  |              |                   |              |
| M28        |                      |                  | VCCINT                             | VCCINT        |             |         |            |                         |      |                   |                      |           |            |           |          |      |                  |              |                   |              |
| M29        |                      |                  | GND                                | GND           |             |         |            |                         |      |                   |                      |       0.0 |            |           |          |      |                  |              |                   |              |
| M30        |                      |                  | VCCINT                             | VCCINT        |             |         |            |                         |      |                   |                      |           |            |           |          |      |                  |              |                   |              |
| M31        |                      |                  | VCCINT                             | VCCINT        |             |         |            |                         |      |                   |                      |           |            |           |          |      |                  |              |                   |              |
| M32        |                      | High Performance | IO_L2P_T0L_N2_72                   | User IO       |             |      72 |            |                         |      |                   |                      |           |            |           |          |      |                  |              |                   |              |
| M33        |                      | High Performance | IO_L2N_T0L_N3_72                   | User IO       |             |      72 |            |                         |      |                   |                      |           |            |           |          |      |                  |              |                   |              |
| M34        |                      |                  | GND                                | GND           |             |         |            |                         |      |                   |                      |       0.0 |            |           |          |      |                  |              |                   |              |
| M35        |                      | High Performance | IO_L7P_T1L_N0_QBC_AD13P_72         | User IO       |             |      72 |            |                         |      |                   |                      |           |            |           |          |      |                  |              |                   |              |
| M36        |                      | High Performance | IO_L8P_T1L_N2_AD5P_72              | User IO       |             |      72 |            |                         |      |                   |                      |           |            |           |          |      |                  |              |                   |              |
| M37        |                      | High Performance | IO_L8N_T1L_N3_AD5N_72              | User IO       |             |      72 |            |                         |      |                   |                      |           |            |           |          |      |                  |              |                   |              |
| N1         |                      |                  | MGTYRXN2_230                       | Gigabit       |             |         |            |                         |      |                   |                      |           |            |           |          |      |                  |              |                   |              |
| N2         |                      |                  | MGTYRXP2_230                       | Gigabit       |             |         |            |                         |      |                   |                      |           |            |           |          |      |                  |              |                   |              |
| N3         |                      |                  | GND                                | GND           |             |         |            |                         |      |                   |                      |       0.0 |            |           |          |      |                  |              |                   |              |
| N4         |                      |                  | GND                                | GND           |             |         |            |                         |      |                   |                      |       0.0 |            |           |          |      |                  |              |                   |              |
| N5         |                      |                  | GND                                | GND           |             |         |            |                         |      |                   |                      |       0.0 |            |           |          |      |                  |              |                   |              |
| N6         |                      |                  | MGTYTXN1_230                       | Gigabit       |             |         |            |                         |      |                   |                      |           |            |           |          |      |                  |              |                   |              |
| N7         |                      |                  | MGTYTXP1_230                       | Gigabit       |             |         |            |                         |      |                   |                      |           |            |           |          |      |                  |              |                   |              |
| N8         |                      |                  | GND                                | GND           |             |         |            |                         |      |                   |                      |       0.0 |            |           |          |      |                  |              |                   |              |
| N9         |                      |                  | MGTAVCC_RC                         | Unknown       |             |         |            |                         |      |                   |                      |           |            |           |          |      |                  |              |                   |              |
| N10        |                      |                  | MGTREFCLK1N_231                    | Gigabit       |             |         |            |                         |      |                   |                      |           |            |           |          |      |                  |              |                   |              |
| N11        |                      |                  | MGTREFCLK1P_231                    | Gigabit       |             |         |            |                         |      |                   |                      |           |            |           |          |      |                  |              |                   |              |
| N12        |                      |                  | GND                                | GND           |             |         |            |                         |      |                   |                      |       0.0 |            |           |          |      |                  |              |                   |              |
| N13        |                      |                  | VCCINT                             | VCCINT        |             |         |            |                         |      |                   |                      |           |            |           |          |      |                  |              |                   |              |
| N14        |                      |                  | GND                                | GND           |             |         |            |                         |      |                   |                      |       0.0 |            |           |          |      |                  |              |                   |              |
| N15        |                      |                  | VCCINT                             | VCCINT        |             |         |            |                         |      |                   |                      |           |            |           |          |      |                  |              |                   |              |
| N16        |                      |                  | GND                                | GND           |             |         |            |                         |      |                   |                      |       0.0 |            |           |          |      |                  |              |                   |              |
| N17        |                      |                  | VCCINT                             | VCCINT        |             |         |            |                         |      |                   |                      |           |            |           |          |      |                  |              |                   |              |
| N18        |                      |                  | GND                                | GND           |             |         |            |                         |      |                   |                      |       0.0 |            |           |          |      |                  |              |                   |              |
| N19        |                      |                  | VCCINT                             | VCCINT        |             |         |            |                         |      |                   |                      |           |            |           |          |      |                  |              |                   |              |
| N20        |                      |                  | GND                                | GND           |             |         |            |                         |      |                   |                      |       0.0 |            |           |          |      |                  |              |                   |              |
| N21        |                      |                  | VCCINT                             | VCCINT        |             |         |            |                         |      |                   |                      |           |            |           |          |      |                  |              |                   |              |
| N22        |                      |                  | GND                                | GND           |             |         |            |                         |      |                   |                      |       0.0 |            |           |          |      |                  |              |                   |              |
| N23        |                      |                  | VCCINT                             | VCCINT        |             |         |            |                         |      |                   |                      |           |            |           |          |      |                  |              |                   |              |
| N24        |                      |                  | GND                                | GND           |             |         |            |                         |      |                   |                      |       0.0 |            |           |          |      |                  |              |                   |              |
| N25        |                      |                  | VCCINT                             | VCCINT        |             |         |            |                         |      |                   |                      |           |            |           |          |      |                  |              |                   |              |
| N26        |                      |                  | GND                                | GND           |             |         |            |                         |      |                   |                      |       0.0 |            |           |          |      |                  |              |                   |              |
| N27        |                      |                  | VCCINT                             | VCCINT        |             |         |            |                         |      |                   |                      |           |            |           |          |      |                  |              |                   |              |
| N28        |                      |                  | GND                                | GND           |             |         |            |                         |      |                   |                      |       0.0 |            |           |          |      |                  |              |                   |              |
| N29        |                      |                  | VCCINT                             | VCCINT        |             |         |            |                         |      |                   |                      |           |            |           |          |      |                  |              |                   |              |
| N30        |                      |                  | VCCINT                             | VCCINT        |             |         |            |                         |      |                   |                      |           |            |           |          |      |                  |              |                   |              |
| N31        |                      |                  | VCCINT                             | VCCINT        |             |         |            |                         |      |                   |                      |           |            |           |          |      |                  |              |                   |              |
| N32        |                      |                  | VCCINT                             | VCCINT        |             |         |            |                         |      |                   |                      |           |            |           |          |      |                  |              |                   |              |
| N33        |                      |                  | VCCINT                             | VCCINT        |             |         |            |                         |      |                   |                      |           |            |           |          |      |                  |              |                   |              |
| N34        |                      |                  | VCCINT                             | VCCINT        |             |         |            |                         |      |                   |                      |           |            |           |          |      |                  |              |                   |              |
| N35        |                      |                  | VCCINT                             | VCCINT        |             |         |            |                         |      |                   |                      |           |            |           |          |      |                  |              |                   |              |
| N36        |                      |                  | VCCINT                             | VCCINT        |             |         |            |                         |      |                   |                      |           |            |           |          |      |                  |              |                   |              |
| N37        |                      |                  | VCCINT                             | VCCINT        |             |         |            |                         |      |                   |                      |           |            |           |          |      |                  |              |                   |              |
| P1         |                      |                  | GND                                | GND           |             |         |            |                         |      |                   |                      |       0.0 |            |           |          |      |                  |              |                   |              |
| P2         |                      |                  | GND                                | GND           |             |         |            |                         |      |                   |                      |       0.0 |            |           |          |      |                  |              |                   |              |
| P3         |                      |                  | GND                                | GND           |             |         |            |                         |      |                   |                      |       0.0 |            |           |          |      |                  |              |                   |              |
| P4         |                      |                  | MGTYTXN0_230                       | Gigabit       |             |         |            |                         |      |                   |                      |           |            |           |          |      |                  |              |                   |              |
| P5         |                      |                  | MGTYTXP0_230                       | Gigabit       |             |         |            |                         |      |                   |                      |           |            |           |          |      |                  |              |                   |              |
| P6         |                      |                  | GND                                | GND           |             |         |            |                         |      |                   |                      |       0.0 |            |           |          |      |                  |              |                   |              |
| P7         |                      |                  | MGTAVTT_RC                         | Unknown       |             |         |            |                         |      |                   |                      |           |            |           |          |      |                  |              |                   |              |
| P8         |                      |                  | MGTREFCLK0N_231                    | Gigabit       |             |         |            |                         |      |                   |                      |           |            |           |          |      |                  |              |                   |              |
| P9         |                      |                  | MGTREFCLK0P_231                    | Gigabit       |             |         |            |                         |      |                   |                      |           |            |           |          |      |                  |              |                   |              |
| P10        |                      |                  | GND                                | GND           |             |         |            |                         |      |                   |                      |       0.0 |            |           |          |      |                  |              |                   |              |
| P11        |                      |                  | GND                                | GND           |             |         |            |                         |      |                   |                      |       0.0 |            |           |          |      |                  |              |                   |              |
| P12        |                      |                  | GND                                | GND           |             |         |            |                         |      |                   |                      |       0.0 |            |           |          |      |                  |              |                   |              |
| P13        |                      |                  | GND                                | GND           |             |         |            |                         |      |                   |                      |       0.0 |            |           |          |      |                  |              |                   |              |
| P14        |                      |                  | VCCINT                             | VCCINT        |             |         |            |                         |      |                   |                      |           |            |           |          |      |                  |              |                   |              |
| P15        |                      |                  | GND                                | GND           |             |         |            |                         |      |                   |                      |       0.0 |            |           |          |      |                  |              |                   |              |
| P16        |                      |                  | VCCINT                             | VCCINT        |             |         |            |                         |      |                   |                      |           |            |           |          |      |                  |              |                   |              |
| P17        |                      |                  | GND                                | GND           |             |         |            |                         |      |                   |                      |       0.0 |            |           |          |      |                  |              |                   |              |
| P18        |                      |                  | VCCINT                             | VCCINT        |             |         |            |                         |      |                   |                      |           |            |           |          |      |                  |              |                   |              |
| P19        |                      |                  | GND                                | GND           |             |         |            |                         |      |                   |                      |       0.0 |            |           |          |      |                  |              |                   |              |
| P20        |                      |                  | VCCINT                             | VCCINT        |             |         |            |                         |      |                   |                      |           |            |           |          |      |                  |              |                   |              |
| P21        |                      |                  | GND                                | GND           |             |         |            |                         |      |                   |                      |       0.0 |            |           |          |      |                  |              |                   |              |
| P22        |                      |                  | VCCINT                             | VCCINT        |             |         |            |                         |      |                   |                      |           |            |           |          |      |                  |              |                   |              |
| P23        |                      |                  | GND                                | GND           |             |         |            |                         |      |                   |                      |       0.0 |            |           |          |      |                  |              |                   |              |
| P24        |                      |                  | VCCINT                             | VCCINT        |             |         |            |                         |      |                   |                      |           |            |           |          |      |                  |              |                   |              |
| P25        |                      |                  | GND                                | GND           |             |         |            |                         |      |                   |                      |       0.0 |            |           |          |      |                  |              |                   |              |
| P26        |                      |                  | VCCINT                             | VCCINT        |             |         |            |                         |      |                   |                      |           |            |           |          |      |                  |              |                   |              |
| P27        |                      |                  | GND                                | GND           |             |         |            |                         |      |                   |                      |       0.0 |            |           |          |      |                  |              |                   |              |
| P28        |                      |                  | VCCINT                             | VCCINT        |             |         |            |                         |      |                   |                      |           |            |           |          |      |                  |              |                   |              |
| P29        |                      |                  | GND                                | GND           |             |         |            |                         |      |                   |                      |       0.0 |            |           |          |      |                  |              |                   |              |
| P30        |                      |                  | VCCINT                             | VCCINT        |             |         |            |                         |      |                   |                      |           |            |           |          |      |                  |              |                   |              |
| P31        |                      |                  | VCCINT                             | VCCINT        |             |         |            |                         |      |                   |                      |           |            |           |          |      |                  |              |                   |              |
| P32        |                      |                  | VCCINT                             | VCCINT        |             |         |            |                         |      |                   |                      |           |            |           |          |      |                  |              |                   |              |
| P33        |                      |                  | VCCINT                             | VCCINT        |             |         |            |                         |      |                   |                      |           |            |           |          |      |                  |              |                   |              |
| P34        |                      |                  | VCCINT                             | VCCINT        |             |         |            |                         |      |                   |                      |           |            |           |          |      |                  |              |                   |              |
| P35        |                      |                  | VCCINT                             | VCCINT        |             |         |            |                         |      |                   |                      |           |            |           |          |      |                  |              |                   |              |
| P36        |                      |                  | VCCINT                             | VCCINT        |             |         |            |                         |      |                   |                      |           |            |           |          |      |                  |              |                   |              |
| P37        |                      |                  | VCCINT                             | VCCINT        |             |         |            |                         |      |                   |                      |           |            |           |          |      |                  |              |                   |              |
| R1         |                      |                  | MGTYRXN1_230                       | Gigabit       |             |         |            |                         |      |                   |                      |           |            |           |          |      |                  |              |                   |              |
| R2         |                      |                  | MGTYRXP1_230                       | Gigabit       |             |         |            |                         |      |                   |                      |           |            |           |          |      |                  |              |                   |              |
| R3         |                      |                  | GND                                | GND           |             |         |            |                         |      |                   |                      |       0.0 |            |           |          |      |                  |              |                   |              |
| R4         |                      |                  | GND                                | GND           |             |         |            |                         |      |                   |                      |       0.0 |            |           |          |      |                  |              |                   |              |
| R5         |                      |                  | GND                                | GND           |             |         |            |                         |      |                   |                      |       0.0 |            |           |          |      |                  |              |                   |              |
| R6         |                      |                  | MGTYTXN3_229                       | Gigabit       |             |         |            |                         |      |                   |                      |           |            |           |          |      |                  |              |                   |              |
| R7         |                      |                  | MGTYTXP3_229                       | Gigabit       |             |         |            |                         |      |                   |                      |           |            |           |          |      |                  |              |                   |              |
| R8         |                      |                  | GND                                | GND           |             |         |            |                         |      |                   |                      |       0.0 |            |           |          |      |                  |              |                   |              |
| R9         |                      |                  | MGTAVCC_RC                         | Unknown       |             |         |            |                         |      |                   |                      |           |            |           |          |      |                  |              |                   |              |
| R10        |                      |                  | MGTREFCLK1N_230                    | Gigabit       |             |         |            |                         |      |                   |                      |           |            |           |          |      |                  |              |                   |              |
| R11        |                      |                  | MGTREFCLK1P_230                    | Gigabit       |             |         |            |                         |      |                   |                      |           |            |           |          |      |                  |              |                   |              |
| R12        |                      |                  | GND                                | GND           |             |         |            |                         |      |                   |                      |       0.0 |            |           |          |      |                  |              |                   |              |
| R13        |                      |                  | VCCINT                             | VCCINT        |             |         |            |                         |      |                   |                      |           |            |           |          |      |                  |              |                   |              |
| R14        |                      |                  | GND                                | GND           |             |         |            |                         |      |                   |                      |       0.0 |            |           |          |      |                  |              |                   |              |
| R15        |                      |                  | VCCINT                             | VCCINT        |             |         |            |                         |      |                   |                      |           |            |           |          |      |                  |              |                   |              |
| R16        |                      |                  | GND                                | GND           |             |         |            |                         |      |                   |                      |       0.0 |            |           |          |      |                  |              |                   |              |
| R17        |                      |                  | VCCINT                             | VCCINT        |             |         |            |                         |      |                   |                      |           |            |           |          |      |                  |              |                   |              |
| R18        |                      |                  | GND                                | GND           |             |         |            |                         |      |                   |                      |       0.0 |            |           |          |      |                  |              |                   |              |
| R19        |                      |                  | VCCINT                             | VCCINT        |             |         |            |                         |      |                   |                      |           |            |           |          |      |                  |              |                   |              |
| R20        |                      |                  | GND                                | GND           |             |         |            |                         |      |                   |                      |       0.0 |            |           |          |      |                  |              |                   |              |
| R21        |                      |                  | VCCINT                             | VCCINT        |             |         |            |                         |      |                   |                      |           |            |           |          |      |                  |              |                   |              |
| R22        |                      |                  | GND                                | GND           |             |         |            |                         |      |                   |                      |       0.0 |            |           |          |      |                  |              |                   |              |
| R23        |                      |                  | VCCINT                             | VCCINT        |             |         |            |                         |      |                   |                      |           |            |           |          |      |                  |              |                   |              |
| R24        |                      |                  | GND                                | GND           |             |         |            |                         |      |                   |                      |       0.0 |            |           |          |      |                  |              |                   |              |
| R25        |                      |                  | VCCINT                             | VCCINT        |             |         |            |                         |      |                   |                      |           |            |           |          |      |                  |              |                   |              |
| R26        |                      |                  | GND                                | GND           |             |         |            |                         |      |                   |                      |       0.0 |            |           |          |      |                  |              |                   |              |
| R27        |                      |                  | VCCINT                             | VCCINT        |             |         |            |                         |      |                   |                      |           |            |           |          |      |                  |              |                   |              |
| R28        |                      |                  | GND                                | GND           |             |         |            |                         |      |                   |                      |       0.0 |            |           |          |      |                  |              |                   |              |
| R29        |                      |                  | VCCINT                             | VCCINT        |             |         |            |                         |      |                   |                      |           |            |           |          |      |                  |              |                   |              |
| R30        |                      |                  | VCCINT                             | VCCINT        |             |         |            |                         |      |                   |                      |           |            |           |          |      |                  |              |                   |              |
| R31        |                      |                  | VCCINT                             | VCCINT        |             |         |            |                         |      |                   |                      |           |            |           |          |      |                  |              |                   |              |
| R32        |                      |                  | VCCINT                             | VCCINT        |             |         |            |                         |      |                   |                      |           |            |           |          |      |                  |              |                   |              |
| R33        |                      |                  | VCCINT                             | VCCINT        |             |         |            |                         |      |                   |                      |           |            |           |          |      |                  |              |                   |              |
| R34        |                      |                  | VCCINT                             | VCCINT        |             |         |            |                         |      |                   |                      |           |            |           |          |      |                  |              |                   |              |
| R35        |                      |                  | VCCINT                             | VCCINT        |             |         |            |                         |      |                   |                      |           |            |           |          |      |                  |              |                   |              |
| R36        |                      |                  | VCCINT                             | VCCINT        |             |         |            |                         |      |                   |                      |           |            |           |          |      |                  |              |                   |              |
| R37        |                      |                  | VCCINT                             | VCCINT        |             |         |            |                         |      |                   |                      |           |            |           |          |      |                  |              |                   |              |
| T1         |                      |                  | GND                                | GND           |             |         |            |                         |      |                   |                      |       0.0 |            |           |          |      |                  |              |                   |              |
| T2         |                      |                  | GND                                | GND           |             |         |            |                         |      |                   |                      |       0.0 |            |           |          |      |                  |              |                   |              |
| T3         |                      |                  | MGTYRXN0_230                       | Gigabit       |             |         |            |                         |      |                   |                      |           |            |           |          |      |                  |              |                   |              |
| T4         |                      |                  | MGTYRXP0_230                       | Gigabit       |             |         |            |                         |      |                   |                      |           |            |           |          |      |                  |              |                   |              |
| T5         |                      |                  | GND                                | GND           |             |         |            |                         |      |                   |                      |       0.0 |            |           |          |      |                  |              |                   |              |
| T6         |                      |                  | GND                                | GND           |             |         |            |                         |      |                   |                      |       0.0 |            |           |          |      |                  |              |                   |              |
| T7         |                      |                  | MGTAVTT_RC                         | Unknown       |             |         |            |                         |      |                   |                      |           |            |           |          |      |                  |              |                   |              |
| T8         |                      |                  | MGTREFCLK0N_230                    | Gigabit       |             |         |            |                         |      |                   |                      |           |            |           |          |      |                  |              |                   |              |
| T9         |                      |                  | MGTREFCLK0P_230                    | Gigabit       |             |         |            |                         |      |                   |                      |           |            |           |          |      |                  |              |                   |              |
| T10        |                      |                  | GND                                | GND           |             |         |            |                         |      |                   |                      |       0.0 |            |           |          |      |                  |              |                   |              |
| T11        |                      |                  | GND                                | GND           |             |         |            |                         |      |                   |                      |       0.0 |            |           |          |      |                  |              |                   |              |
| T12        |                      |                  | GND                                | GND           |             |         |            |                         |      |                   |                      |       0.0 |            |           |          |      |                  |              |                   |              |
| T13        |                      |                  | GND                                | GND           |             |         |            |                         |      |                   |                      |       0.0 |            |           |          |      |                  |              |                   |              |
| T14        |                      |                  | VCCINT                             | VCCINT        |             |         |            |                         |      |                   |                      |           |            |           |          |      |                  |              |                   |              |
| T15        |                      |                  | GND                                | GND           |             |         |            |                         |      |                   |                      |       0.0 |            |           |          |      |                  |              |                   |              |
| T16        |                      |                  | VCCINT                             | VCCINT        |             |         |            |                         |      |                   |                      |           |            |           |          |      |                  |              |                   |              |
| T17        |                      |                  | GND                                | GND           |             |         |            |                         |      |                   |                      |       0.0 |            |           |          |      |                  |              |                   |              |
| T18        |                      |                  | VCCINT                             | VCCINT        |             |         |            |                         |      |                   |                      |           |            |           |          |      |                  |              |                   |              |
| T19        |                      |                  | GND                                | GND           |             |         |            |                         |      |                   |                      |       0.0 |            |           |          |      |                  |              |                   |              |
| T20        |                      |                  | VCCINT                             | VCCINT        |             |         |            |                         |      |                   |                      |           |            |           |          |      |                  |              |                   |              |
| T21        |                      |                  | GND                                | GND           |             |         |            |                         |      |                   |                      |       0.0 |            |           |          |      |                  |              |                   |              |
| T22        |                      |                  | VCCINT                             | VCCINT        |             |         |            |                         |      |                   |                      |           |            |           |          |      |                  |              |                   |              |
| T23        |                      |                  | GND                                | GND           |             |         |            |                         |      |                   |                      |       0.0 |            |           |          |      |                  |              |                   |              |
| T24        |                      |                  | VCCINT                             | VCCINT        |             |         |            |                         |      |                   |                      |           |            |           |          |      |                  |              |                   |              |
| T25        |                      |                  | GND                                | GND           |             |         |            |                         |      |                   |                      |       0.0 |            |           |          |      |                  |              |                   |              |
| T26        |                      |                  | VCCINT_IO                          | VCCINT        |             |         |            |                         |      |                   |                      |           |            |           |          |      |                  |              |                   |              |
| T27        |                      |                  | GND                                | GND           |             |         |            |                         |      |                   |                      |       0.0 |            |           |          |      |                  |              |                   |              |
| T28        |                      |                  | VCCAUX                             | VCCAUX        |             |         |            |                         |      |                   |                      |      1.80 |            |           |          |      |                  |              |                   |              |
| T29        |                      |                  | GND                                | GND           |             |         |            |                         |      |                   |                      |       0.0 |            |           |          |      |                  |              |                   |              |
| T30        |                      |                  | VCCINT                             | VCCINT        |             |         |            |                         |      |                   |                      |           |            |           |          |      |                  |              |                   |              |
| T31        |                      |                  | VCCINT                             | VCCINT        |             |         |            |                         |      |                   |                      |           |            |           |          |      |                  |              |                   |              |
| T32        |                      |                  | VCCINT                             | VCCINT        |             |         |            |                         |      |                   |                      |           |            |           |          |      |                  |              |                   |              |
| T33        |                      |                  | VCCINT                             | VCCINT        |             |         |            |                         |      |                   |                      |           |            |           |          |      |                  |              |                   |              |
| T34        |                      |                  | VCCINT                             | VCCINT        |             |         |            |                         |      |                   |                      |           |            |           |          |      |                  |              |                   |              |
| T35        |                      |                  | VCCINT                             | VCCINT        |             |         |            |                         |      |                   |                      |           |            |           |          |      |                  |              |                   |              |
| T36        |                      |                  | VCCINT                             | VCCINT        |             |         |            |                         |      |                   |                      |           |            |           |          |      |                  |              |                   |              |
| T37        |                      |                  | VCCINT                             | VCCINT        |             |         |            |                         |      |                   |                      |           |            |           |          |      |                  |              |                   |              |
| U1         |                      |                  | MGTYRXN3_229                       | Gigabit       |             |         |            |                         |      |                   |                      |           |            |           |          |      |                  |              |                   |              |
| U2         |                      |                  | MGTYRXP3_229                       | Gigabit       |             |         |            |                         |      |                   |                      |           |            |           |          |      |                  |              |                   |              |
| U3         |                      |                  | GND                                | GND           |             |         |            |                         |      |                   |                      |       0.0 |            |           |          |      |                  |              |                   |              |
| U4         |                      |                  | GND                                | GND           |             |         |            |                         |      |                   |                      |       0.0 |            |           |          |      |                  |              |                   |              |
| U5         |                      |                  | GND                                | GND           |             |         |            |                         |      |                   |                      |       0.0 |            |           |          |      |                  |              |                   |              |
| U6         |                      |                  | MGTYTXN2_229                       | Gigabit       |             |         |            |                         |      |                   |                      |           |            |           |          |      |                  |              |                   |              |
| U7         |                      |                  | MGTYTXP2_229                       | Gigabit       |             |         |            |                         |      |                   |                      |           |            |           |          |      |                  |              |                   |              |
| U8         |                      |                  | GND                                | GND           |             |         |            |                         |      |                   |                      |       0.0 |            |           |          |      |                  |              |                   |              |
| U9         |                      |                  | MGTAVCC_RC                         | Unknown       |             |         |            |                         |      |                   |                      |           |            |           |          |      |                  |              |                   |              |
| U10        |                      |                  | MGTREFCLK1N_229                    | Gigabit       |             |         |            |                         |      |                   |                      |           |            |           |          |      |                  |              |                   |              |
| U11        |                      |                  | MGTREFCLK1P_229                    | Gigabit       |             |         |            |                         |      |                   |                      |           |            |           |          |      |                  |              |                   |              |
| U12        |                      |                  | GND                                | GND           |             |         |            |                         |      |                   |                      |       0.0 |            |           |          |      |                  |              |                   |              |
| U13        |                      |                  | VCCINT                             | VCCINT        |             |         |            |                         |      |                   |                      |           |            |           |          |      |                  |              |                   |              |
| U14        |                      |                  | GND                                | GND           |             |         |            |                         |      |                   |                      |       0.0 |            |           |          |      |                  |              |                   |              |
| U15        |                      |                  | VCCINT                             | VCCINT        |             |         |            |                         |      |                   |                      |           |            |           |          |      |                  |              |                   |              |
| U16        |                      |                  | GND                                | GND           |             |         |            |                         |      |                   |                      |       0.0 |            |           |          |      |                  |              |                   |              |
| U22        |                      |                  | GND                                | GND           |             |         |            |                         |      |                   |                      |       0.0 |            |           |          |      |                  |              |                   |              |
| U23        |                      |                  | VCCINT                             | VCCINT        |             |         |            |                         |      |                   |                      |           |            |           |          |      |                  |              |                   |              |
| U24        |                      |                  | GND                                | GND           |             |         |            |                         |      |                   |                      |       0.0 |            |           |          |      |                  |              |                   |              |
| U25        |                      |                  | VCCBRAM                            | VCCBRAM       |             |         |            |                         |      |                   |                      |           |            |           |          |      |                  |              |                   |              |
| U26        |                      |                  | GND                                | GND           |             |         |            |                         |      |                   |                      |       0.0 |            |           |          |      |                  |              |                   |              |
| U27        |                      |                  | VCCAUX_IO                          | VCCAUX        |             |         |            |                         |      |                   |                      |           |            |           |          |      |                  |              |                   |              |
| U28        |                      |                  | GND                                | GND           |             |         |            |                         |      |                   |                      |       0.0 |            |           |          |      |                  |              |                   |              |
| U29        |                      |                  | VCCINT                             | VCCINT        |             |         |            |                         |      |                   |                      |           |            |           |          |      |                  |              |                   |              |
| U30        |                      |                  | VCCINT                             | VCCINT        |             |         |            |                         |      |                   |                      |           |            |           |          |      |                  |              |                   |              |
| U31        |                      |                  | VCCINT                             | VCCINT        |             |         |            |                         |      |                   |                      |           |            |           |          |      |                  |              |                   |              |
| U32        |                      |                  | VCCINT                             | VCCINT        |             |         |            |                         |      |                   |                      |           |            |           |          |      |                  |              |                   |              |
| U33        |                      |                  | VCCINT                             | VCCINT        |             |         |            |                         |      |                   |                      |           |            |           |          |      |                  |              |                   |              |
| U34        |                      |                  | VCCINT                             | VCCINT        |             |         |            |                         |      |                   |                      |           |            |           |          |      |                  |              |                   |              |
| U35        |                      |                  | VCCINT                             | VCCINT        |             |         |            |                         |      |                   |                      |           |            |           |          |      |                  |              |                   |              |
| U36        |                      |                  | VCCINT                             | VCCINT        |             |         |            |                         |      |                   |                      |           |            |           |          |      |                  |              |                   |              |
| U37        |                      |                  | VCCINT                             | VCCINT        |             |         |            |                         |      |                   |                      |           |            |           |          |      |                  |              |                   |              |
| V1         |                      |                  | GND                                | GND           |             |         |            |                         |      |                   |                      |       0.0 |            |           |          |      |                  |              |                   |              |
| V2         |                      |                  | GND                                | GND           |             |         |            |                         |      |                   |                      |       0.0 |            |           |          |      |                  |              |                   |              |
| V3         |                      |                  | MGTYRXN2_229                       | Gigabit       |             |         |            |                         |      |                   |                      |           |            |           |          |      |                  |              |                   |              |
| V4         |                      |                  | MGTYRXP2_229                       | Gigabit       |             |         |            |                         |      |                   |                      |           |            |           |          |      |                  |              |                   |              |
| V5         |                      |                  | GND                                | GND           |             |         |            |                         |      |                   |                      |       0.0 |            |           |          |      |                  |              |                   |              |
| V6         |                      |                  | MGTAVTT_RC                         | Unknown       |             |         |            |                         |      |                   |                      |           |            |           |          |      |                  |              |                   |              |
| V7         |                      |                  | GND                                | GND           |             |         |            |                         |      |                   |                      |       0.0 |            |           |          |      |                  |              |                   |              |
| V8         |                      |                  | GND                                | GND           |             |         |            |                         |      |                   |                      |       0.0 |            |           |          |      |                  |              |                   |              |
| V9         |                      |                  | GND                                | GND           |             |         |            |                         |      |                   |                      |       0.0 |            |           |          |      |                  |              |                   |              |
| V10        |                      |                  | GND                                | GND           |             |         |            |                         |      |                   |                      |       0.0 |            |           |          |      |                  |              |                   |              |
| V11        |                      |                  | GND                                | GND           |             |         |            |                         |      |                   |                      |       0.0 |            |           |          |      |                  |              |                   |              |
| V12        |                      |                  | GND                                | GND           |             |         |            |                         |      |                   |                      |       0.0 |            |           |          |      |                  |              |                   |              |
| V13        |                      |                  | GND                                | GND           |             |         |            |                         |      |                   |                      |       0.0 |            |           |          |      |                  |              |                   |              |
| V14        |                      |                  | VCCINT                             | VCCINT        |             |         |            |                         |      |                   |                      |           |            |           |          |      |                  |              |                   |              |
| V15        |                      |                  | GND                                | GND           |             |         |            |                         |      |                   |                      |       0.0 |            |           |          |      |                  |              |                   |              |
| V16        |                      |                  | VCCINT                             | VCCINT        |             |         |            |                         |      |                   |                      |           |            |           |          |      |                  |              |                   |              |
| V22        |                      |                  | VCCINT                             | VCCINT        |             |         |            |                         |      |                   |                      |           |            |           |          |      |                  |              |                   |              |
| V23        |                      |                  | GND                                | GND           |             |         |            |                         |      |                   |                      |       0.0 |            |           |          |      |                  |              |                   |              |
| V24        |                      |                  | VCCINT                             | VCCINT        |             |         |            |                         |      |                   |                      |           |            |           |          |      |                  |              |                   |              |
| V25        |                      |                  | GND                                | GND           |             |         |            |                         |      |                   |                      |       0.0 |            |           |          |      |                  |              |                   |              |
| V26        |                      |                  | VCCINT_IO                          | VCCINT        |             |         |            |                         |      |                   |                      |           |            |           |          |      |                  |              |                   |              |
| V27        |                      |                  | GND                                | GND           |             |         |            |                         |      |                   |                      |       0.0 |            |           |          |      |                  |              |                   |              |
| V28        |                      |                  | VCCAUX                             | VCCAUX        |             |         |            |                         |      |                   |                      |      1.80 |            |           |          |      |                  |              |                   |              |
| V29        |                      |                  | GND                                | GND           |             |         |            |                         |      |                   |                      |       0.0 |            |           |          |      |                  |              |                   |              |
| V30        |                      |                  | VCCINT                             | VCCINT        |             |         |            |                         |      |                   |                      |           |            |           |          |      |                  |              |                   |              |
| V31        |                      |                  | VCCINT                             | VCCINT        |             |         |            |                         |      |                   |                      |           |            |           |          |      |                  |              |                   |              |
| V32        |                      |                  | VCCINT                             | VCCINT        |             |         |            |                         |      |                   |                      |           |            |           |          |      |                  |              |                   |              |
| V33        |                      |                  | VCCINT                             | VCCINT        |             |         |            |                         |      |                   |                      |           |            |           |          |      |                  |              |                   |              |
| V34        |                      |                  | VCCINT                             | VCCINT        |             |         |            |                         |      |                   |                      |           |            |           |          |      |                  |              |                   |              |
| V35        |                      |                  | VCCINT                             | VCCINT        |             |         |            |                         |      |                   |                      |           |            |           |          |      |                  |              |                   |              |
| V36        |                      |                  | VCCINT                             | VCCINT        |             |         |            |                         |      |                   |                      |           |            |           |          |      |                  |              |                   |              |
| V37        |                      |                  | VCCINT                             | VCCINT        |             |         |            |                         |      |                   |                      |           |            |           |          |      |                  |              |                   |              |
| W1         |                      |                  | MGTYRXN1_229                       | Gigabit       |             |         |            |                         |      |                   |                      |           |            |           |          |      |                  |              |                   |              |
| W2         |                      |                  | MGTYRXP1_229                       | Gigabit       |             |         |            |                         |      |                   |                      |           |            |           |          |      |                  |              |                   |              |
| W3         |                      |                  | GND                                | GND           |             |         |            |                         |      |                   |                      |       0.0 |            |           |          |      |                  |              |                   |              |
| W4         |                      |                  | GND                                | GND           |             |         |            |                         |      |                   |                      |       0.0 |            |           |          |      |                  |              |                   |              |
| W5         |                      |                  | MGTYTXN1_229                       | Gigabit       |             |         |            |                         |      |                   |                      |           |            |           |          |      |                  |              |                   |              |
| W6         |                      |                  | MGTYTXP1_229                       | Gigabit       |             |         |            |                         |      |                   |                      |           |            |           |          |      |                  |              |                   |              |
| W7         |                      |                  | GND                                | GND           |             |         |            |                         |      |                   |                      |       0.0 |            |           |          |      |                  |              |                   |              |
| W8         |                      |                  | MGTAVCC_RC                         | Unknown       |             |         |            |                         |      |                   |                      |           |            |           |          |      |                  |              |                   |              |
| W9         |                      |                  | MGTREFCLK0N_229                    | Gigabit       |             |         |            |                         |      |                   |                      |           |            |           |          |      |                  |              |                   |              |
| W10        |                      |                  | MGTREFCLK0P_229                    | Gigabit       |             |         |            |                         |      |                   |                      |           |            |           |          |      |                  |              |                   |              |
| W11        |                      |                  | GND                                | GND           |             |         |            |                         |      |                   |                      |       0.0 |            |           |          |      |                  |              |                   |              |
| W12        |                      |                  | GND                                | GND           |             |         |            |                         |      |                   |                      |       0.0 |            |           |          |      |                  |              |                   |              |
| W13        |                      |                  | VCCINT                             | VCCINT        |             |         |            |                         |      |                   |                      |           |            |           |          |      |                  |              |                   |              |
| W14        |                      |                  | GND                                | GND           |             |         |            |                         |      |                   |                      |       0.0 |            |           |          |      |                  |              |                   |              |
| W15        |                      |                  | VCCINT                             | VCCINT        |             |         |            |                         |      |                   |                      |           |            |           |          |      |                  |              |                   |              |
| W16        |                      |                  | GND                                | GND           |             |         |            |                         |      |                   |                      |       0.0 |            |           |          |      |                  |              |                   |              |
| W22        |                      |                  | GND                                | GND           |             |         |            |                         |      |                   |                      |       0.0 |            |           |          |      |                  |              |                   |              |
| W23        |                      |                  | VCCINT                             | VCCINT        |             |         |            |                         |      |                   |                      |           |            |           |          |      |                  |              |                   |              |
| W24        |                      |                  | GND                                | GND           |             |         |            |                         |      |                   |                      |       0.0 |            |           |          |      |                  |              |                   |              |
| W25        |                      |                  | VCCBRAM                            | VCCBRAM       |             |         |            |                         |      |                   |                      |           |            |           |          |      |                  |              |                   |              |
| W26        |                      |                  | GND                                | GND           |             |         |            |                         |      |                   |                      |       0.0 |            |           |          |      |                  |              |                   |              |
| W27        |                      |                  | VCCAUX_IO                          | VCCAUX        |             |         |            |                         |      |                   |                      |           |            |           |          |      |                  |              |                   |              |
| W28        |                      |                  | GND                                | GND           |             |         |            |                         |      |                   |                      |       0.0 |            |           |          |      |                  |              |                   |              |
| W29        |                      |                  | GND                                | GND           |             |         |            |                         |      |                   |                      |       0.0 |            |           |          |      |                  |              |                   |              |
| W30        |                      | High Performance | IO_L23P_T3U_N8_68                  | User IO       |             |      68 |            |                         |      |                   |                      |           |            |           |          |      |                  |              |                   |              |
| W31        |                      | High Performance | IO_L23N_T3U_N9_68                  | User IO       |             |      68 |            |                         |      |                   |                      |           |            |           |          |      |                  |              |                   |              |
| W32        |                      | High Performance | IO_L20P_T3L_N2_AD1P_68             | User IO       |             |      68 |            |                         |      |                   |                      |           |            |           |          |      |                  |              |                   |              |
| W33        |                      |                  | GND                                | GND           |             |         |            |                         |      |                   |                      |       0.0 |            |           |          |      |                  |              |                   |              |
| W34        |                      | High Performance | IO_L4P_T0U_N6_DBC_AD7P_68          | User IO       |             |      68 |            |                         |      |                   |                      |           |            |           |          |      |                  |              |                   |              |
| W35        |                      | High Performance | IO_L4N_T0U_N7_DBC_AD7N_68          | User IO       |             |      68 |            |                         |      |                   |                      |           |            |           |          |      |                  |              |                   |              |
| W36        |                      | High Performance | IO_L3P_T0L_N4_AD15P_68             | User IO       |             |      68 |            |                         |      |                   |                      |           |            |           |          |      |                  |              |                   |              |
| W37        |                      | High Performance | IO_L3N_T0L_N5_AD15N_68             | User IO       |             |      68 |            |                         |      |                   |                      |           |            |           |          |      |                  |              |                   |              |
| Y1         |                      |                  | GND                                | GND           |             |         |            |                         |      |                   |                      |       0.0 |            |           |          |      |                  |              |                   |              |
| Y2         |                      |                  | GND                                | GND           |             |         |            |                         |      |                   |                      |       0.0 |            |           |          |      |                  |              |                   |              |
| Y3         |                      |                  | MGTYRXN0_229                       | Gigabit       |             |         |            |                         |      |                   |                      |           |            |           |          |      |                  |              |                   |              |
| Y4         |                      |                  | MGTYRXP0_229                       | Gigabit       |             |         |            |                         |      |                   |                      |           |            |           |          |      |                  |              |                   |              |
| Y5         |                      |                  | GND                                | GND           |             |         |            |                         |      |                   |                      |       0.0 |            |           |          |      |                  |              |                   |              |
| Y6         |                      |                  | MGTAVTT_RC                         | Unknown       |             |         |            |                         |      |                   |                      |           |            |           |          |      |                  |              |                   |              |
| Y7         |                      |                  | MGTYTXN0_229                       | Gigabit       |             |         |            |                         |      |                   |                      |           |            |           |          |      |                  |              |                   |              |
| Y8         |                      |                  | MGTYTXP0_229                       | Gigabit       |             |         |            |                         |      |                   |                      |           |            |           |          |      |                  |              |                   |              |
| Y9         |                      |                  | GND                                | GND           |             |         |            |                         |      |                   |                      |       0.0 |            |           |          |      |                  |              |                   |              |
| Y10        |                      |                  | MGTVCCAUX_RC                       | Unknown       |             |         |            |                         |      |                   |                      |           |            |           |          |      |                  |              |                   |              |
| Y11        |                      |                  | GND                                | GND           |             |         |            |                         |      |                   |                      |       0.0 |            |           |          |      |                  |              |                   |              |
| Y12        |                      |                  | VCCINT                             | VCCINT        |             |         |            |                         |      |                   |                      |           |            |           |          |      |                  |              |                   |              |
| Y13        |                      |                  | GND                                | GND           |             |         |            |                         |      |                   |                      |       0.0 |            |           |          |      |                  |              |                   |              |
| Y14        |                      |                  | VCCINT                             | VCCINT        |             |         |            |                         |      |                   |                      |           |            |           |          |      |                  |              |                   |              |
| Y15        |                      |                  | GND                                | GND           |             |         |            |                         |      |                   |                      |       0.0 |            |           |          |      |                  |              |                   |              |
| Y16        |                      |                  | VCCINT                             | VCCINT        |             |         |            |                         |      |                   |                      |           |            |           |          |      |                  |              |                   |              |
| Y22        |                      |                  | VCCINT                             | VCCINT        |             |         |            |                         |      |                   |                      |           |            |           |          |      |                  |              |                   |              |
| Y23        |                      |                  | GND                                | GND           |             |         |            |                         |      |                   |                      |       0.0 |            |           |          |      |                  |              |                   |              |
| Y24        |                      |                  | VCCINT                             | VCCINT        |             |         |            |                         |      |                   |                      |           |            |           |          |      |                  |              |                   |              |
| Y25        |                      |                  | GND                                | GND           |             |         |            |                         |      |                   |                      |       0.0 |            |           |          |      |                  |              |                   |              |
| Y26        |                      |                  | VCCINT_IO                          | VCCINT        |             |         |            |                         |      |                   |                      |           |            |           |          |      |                  |              |                   |              |
| Y27        |                      |                  | GND                                | GND           |             |         |            |                         |      |                   |                      |       0.0 |            |           |          |      |                  |              |                   |              |
| Y28        |                      |                  | VCCAUX                             | VCCAUX        |             |         |            |                         |      |                   |                      |      1.80 |            |           |          |      |                  |              |                   |              |
| Y29        |                      | High Performance | IO_L24P_T3U_N10_68                 | User IO       |             |      68 |            |                         |      |                   |                      |           |            |           |          |      |                  |              |                   |              |
| Y30        |                      | High Performance | VCCO_66                            | VCCO          |             |      66 |            |                         |      |                   |                      | 0.00-1.80 |            |           |          |      |                  |              |                   |              |
| Y31        |                      | High Performance | IO_L22P_T3U_N6_DBC_AD0P_68         | User IO       |             |      68 |            |                         |      |                   |                      |           |            |           |          |      |                  |              |                   |              |
| Y32        |                      | High Performance | IO_L20N_T3L_N3_AD1N_68             | User IO       |             |      68 |            |                         |      |                   |                      |           |            |           |          |      |                  |              |                   |              |
| Y33        |                      | High Performance | IO_L19P_T3L_N0_DBC_AD9P_68         | User IO       |             |      68 |            |                         |      |                   |                      |           |            |           |          |      |                  |              |                   |              |
| Y34        |                      | High Performance | IO_L5P_T0U_N8_AD14P_68             | User IO       |             |      68 |            |                         |      |                   |                      |           |            |           |          |      |                  |              |                   |              |
| Y35        |                      |                  | GND                                | GND           |             |         |            |                         |      |                   |                      |       0.0 |            |           |          |      |                  |              |                   |              |
| Y36        |                      | High Performance | IO_L2P_T0L_N2_68                   | User IO       |             |      68 |            |                         |      |                   |                      |           |            |           |          |      |                  |              |                   |              |
| Y37        |                      | High Performance | IO_T0U_N12_VRP_68                  | User IO       |             |      68 |            |                         |      |                   |                      |           |            |           |          |      |                  |              |                   |              |
+------------+----------------------+------------------+------------------------------------+---------------+-------------+---------+------------+-------------------------+------+-------------------+----------------------+-----------+------------+-----------+----------+------+------------------+--------------+-------------------+--------------+
* Default value
** Special VCCO requirements may apply. Please consult the device family datasheet for specific guideline on VCCO requirements.


